"idActualite","titreActualite","contenuActualite","motsCles","datePublication","auteur"
30,"Des milliers de manifestants à Paris pour la 5e journée de mobilisation unitaire","Plusieurs milliers de personnes défilaient samedi après-midi à Paris dans le cadre de la cinquième journée de mobilisation unitaire depuis le 29 janvier, mobilisation qui cette fois-ci ""est incontestablement en dessous de ce qu'on aurait souhaité"" a reconnu le secrétaire général de la CGT Bernard Thibault. Ils étaient 9.000 selon la police, 30.000 selon les syndicats.<br />

Malgré des tensions, les syndicats veulent rester unis<br /><br />Entre colère et résignation
<br /><br />Manifestation ce samedi à Toulouse : moins mais peut-être mieux<br /><br />Partis vers 15h de la place de la Bastille, les manifestants doivent se rendre jusqu'à la gare Montparnasse où la dispersion est attendue en début de soirée.

""Ensemble face à la crise, défendons l'emploi, le pouvoir d'achat et les services publics. Arrêt des suppressions d'emplois. Augmentation des salaires et des retraites"", peut-on lire sur la banderole en tête du cortège qui semble moins imposant que lors du 1er mai dernier.

""La participation est incontestablement en dessous de ce qu'on aurait souhaité"", a reconnu Bernard Thibault, présent en tête du défilé aux côtés des secrétaires généraux et présidents des huit syndicats à l'origine de cette nouvelle journée de mobilisation pour exiger du gouvernement et du patronat un changement de politique économique et sociale face à la crise","mobilisation,paris,5e journee",2009-06-13 07:07:30.0,"Jean Michel"
33,"Dépôt du budget 2009-2010 : le ministre des finances est attendu ce mardi au parlement   ","Le ministre de l'économie et des finances, Daniel Dorsainvil, procédera ce mardi 30 juin 2009 au dépôt du projet de budget de l'exercice fiscal 2009/2010, a annoncé le président du sénat de la république.<br /><br />

Kelly C Bastien n'était toutefois pas en mesure d'opiner sur la conception et l'orientation du budget, le texte n'ayant pas encore été mis en circulation au Parlement. .<br /><br />

Selon le président du sénat le gouvernement est contraint de respecter ses engagements notamment avec le dépôt du budget 2009-2010 avant l'échéance du 30 juin.<br /><br />

Par ailleurs le président de l'assemblée nationale, a fait remarquer que des mesures devront être adoptées par les autorités gouvernementales en vue de l'amélioration des conditions de vie de la population pour éviter a-t-il dit, que la présente situation déjà fragile ne devienne irréversible. .<br /><br />

La constitution de 1987 fait obligation au gouvernement de faire le dépôt du budget au parlement ,trois mois avant l'ouverture de la nouvelle année fiscale .<br /><br />

Rappelons que La loi de finance 2008/2009 a été votée avec un retard de 8 mois, alors que plus de 50% du budget de 80 milliards de gourdes avait déjà été dépensé.<br /><br />

Plus de la moitié du budget de la République est financée par la communauté internationale. .<br /><br />

Radio métropole","budget 2009/2010, loi de finance",2009-06-30 14:54:59.0,"Jean Bouco"
34,"La dette d’Haïti allégée de 1,2 milliard de dollars","La Banque mondiale (BM) a annoncé mardi la conclusion d’un accord prévoyant l’allèlegement de la dette externe d’Haïti à hauteur de 1,2 milliard de dollars environ.
<br /><br />
Soulignant qu’il s’agit du 26e pays à accéder à ce stade, l’institution multilatérale précise que 265 millions de dollars sont issus de l’initiative renforcée en faveur des pays pauvres très endettés (PPTE). Soumise à de nombreuses exigences, Haïti a finalement atteint le point d’achèvement de ce programme lancé en 1996 par la BM et le FMI en vue d’encadrer l’effort d’effacement de la dette des pays les plus sous-développés.
<br /><br />
Les 973 millions de dollars restants proviendront de l’initiative d’allégement de la dette multilatérale (IADM) lancée en 2005.
<br /><br />
""Haïti a engagé des réformes ayant pour objectif d’établir un environnement macroéconomique plus stable et de mettre en oeuvre sa stratégie nationale de réduction de la pauvreté"", affirme la Banque mondiale. Le pays a, d’autre part, ""renforcé son administration fiscale et ses douanes et amélioré sa gestion et sa publication de la dette"", note le communiqué.
<br /><br />
Enfin, la réduction de la dette haïtienne s’accompagnait de conditions sociales, le pays s’étant engagé à maintenir un budget conséquent pour l’éducation et la santé, avec entre autres ""un mécanisme de financement qui permettra à plus de 50.000 enfants supplémentaires d’aller à l’école"", des mesures de prévention contre le sida et la rougeole, et l’extension de la vaccination diphtérie-tétanos-poliomyélite.
<br /><br />
La Banque mondiale n’a pas précisé quelle part de la dette du pays représentaient ces 1,2 milliard de dollars. Elle a cependant indiqué que la dette publique représentait au 30 septembre 36% du produit intérieur brut, et la dette extérieur 28% du PIB.
<br /><br />
En s’appuyant sur l’estimation du PIB haïtien faite par le FMI, la réduction de la dette concerne environ 74% de la dette extérieure.
<br /><br />
Les créanciers internationaux d’Haïti sont la Banque de développement interaméricaine (41% du total), la Banque mondiale (27%) et divers pays (24%).
<br /><br />
Le ministre des Finances, Daniel Dorsainvil, cité dans le communiqué, s’est félicité de cet accord qui aidera le pays ""à investir dans des programmes de croissance et de réduction de la pauvreté"".
<br /><br />
Confrontée à une situation d’extrême pauvreté dûe en grande partie à la corruption et au pillage systématique du trésor public par différents régimes qui se sont succédés au pouvoir, Haïti avait subi en 2008 le passage dévastateur de quatre ouragans et tempêtes tropicales. Plus de 800 personnes avaient péri et les dégâts matériels et économiques enregistrés avaient dépassé 1 milliard de dollars. 
<br /><br />spp/Radio Kiskeya
","dette, allègement, haiti",2009-07-01 05:50:04.0,"Jean Michel"
35," Le ministre des finances fait le dépôt du budget à la chambre basse   ","En faisant le dépôt de la loi de finance 2009 – 2010 à la chambre basse hier, le ministre des finances Daniel Dorsainvil, a tenu ses promesses de respecter les prescrits de la constitution en la matière.
<br /><br />

L'enveloppe budgétaire de 88,9 milliards de gourdes est légèrement en hausse par rapport à la loi de finance 2008- 2009 votée au début du mois. "" Nous avions consentis des efforts pour respecter notre engagement"", a fait valoir M. Dorsainvil annonçant le début des échanges entre l'exécutif et le législatif dans le cadre du processus d'analyse de la loi de finance.

Le budget d'investissement est de 55.5 milliards et celui de dépenses est de 32.6 milliards de gourdes. L'apport interne au budget d'investissement est de seulement 8 milliards de gourdes.
<br /><br />

Le ministre Dorsainvil révèle que l'appui budgétaire de la communauté internationale est de 3.2 milliards de gourdes qui s'inscrivent dans une enveloppe globale de 50.6 milliards de gourdes d'apport externe au budget.
<br /><br />

Il a soutenu que la sécurité publique, la production nationale et les infrastructures demeurent les principales priorités du gouvernement.
<br /><br />

Sénateurs et députés devront analyser et voter la loi de finance au cours des trois prochains mois.
<br /><br />

Radio Métropole","depot, projet de budget 2009-2010, dorsainvil",2009-07-02 05:45:50.0,"Jean Michel"
36,"La chambre basse se penche sur le projet de loi de finances 2009-2010","La commission de finances de la chambre basse commence à analyser le projet de loi de finances 2009-2010 qui a été déposé au parlement cette semaine par Le ministre de l'Economie et des Finances, Daniel Dorsainvil.
<br /><br />
Le projet de budget pour la prochaine année fiscale s'élève à 88,9 milliards de gourdes. Le président de la commission de finances le député Jean Marcel Lumerant qui opinait sur la conception et l'orientation du projet de budget a indiqué que 85 milliards de gourdes seront mis à la disposition du pouvoir exécutif dont 30 milliards pour le budget de fonctionnement et 55 milliards pour le budget d'investissement.
<br /><br />
Dans ce document Le pouvoir législatif dispose de 575 milliards de gourdes alors que le pouvoir judicaire doit se contenter de 879.960 mille gourdes.
<br /><br />
Le député Lumerant, président de la commission promet une étude minutieuse du document avant de pourvoir rendre son rapport à l'assemblée des députés.
<br /><br />
C'est pour la première fois, depuis plusieurs années, que l'exécutif respecte l'échéance constitutionnelle qui veut que le projet de budget soit déposé au Parlement à la fin du mois de juin. .
<br /><br />
http://www.metropolehaiti.com","loi de finances, chambre basse, senat",2009-07-02 13:20:15.0,"Jean Michel"
37,"Le FMI accorde 24,5 millions de dollars à Haïti ","Le Fonds monétaire international a décidé d’étendre vendredi son programme de prêt à Haïti en lui accordant une enveloppe de 24,5 millions de dollars, selon un communiqué rendu public à Washington.
<br /><br />
""Les autorités haïtiennes font face à des défis difficiles. La crise mondiale affecte actuellement Haïti principalement concernant la faiblesse des recettes fiscales"", a indiqué le FMI.
<br /><br />
Rappelant avoir déjà débloqué des fonds en faveur du pays il y a deux mois, l’institution financière internationale précise qu’elle avait approuvé ce programme d’aide en novembre 2006 avant de porter les fonds disponibles à 177 millions de dollars. Une initiative qui est intervenue au milieu d’une récession économique mondiale et après les pertes énormes qu’avait entraînées le passage en Haïti de quatre ouragans et tempêtes tropicales en septembre et octobre 2008.
<br /><br />
Radio Kiskeya
","fmi, dollars, haiti",2009-07-07 09:26:44.0,"Jean Michel"
38," Les créanciers du Club de Paris annulent la dette d'Haïti   ","Le Club de Paris, groupe informel de créanciers publics, a annulé la totalité de la dette d'Haïti, soit 214,73 millions de dollars. Dans un communiqué publié ce mercredi les membres du Club de Paris ont mis en évidence leur ""détermination"" à réduire la pauvreté"".
<br /><br />
""Afin de contribuer à restaurer la soutenabilité de la dette de la République d'Haïti, les créanciers du Club de Paris ont décidé d'annuler 62,73 millions de dollars"" au titre du dispositif des pays pauvres très endettés (PPTE), est-il indiqué. Haïti a rejoint le 30 juin la liste des PPTE, lui donnant droit à un effacement de dette réservé aux pays les plus démunis, selon le communiqué.
<br /><br />
Les créanciers du Club de Paris ""se sont également engagés à titre bilatéral"" à annuler 152 millions de dollars supplémentaires, précise le communiqué, appelant les autorités haïtiennes à favoriser ""une croissance économique soutenue et durable"".
<br /><br />
Parmi les membres du Club de Paris, l'Allemagne, la Belgique, le Canada, le Danemark, l'Espagne, les Etats-Unis, la France, l'Italie, les Pays-Bas et le Royaume-Uni ont participé à l'annulation de la dette d'Haïti. La dette extérieure publique totale de la République d'Haïti était d'environ 1,8 milliard de dollars en valeur nominale fin septembre 2008.
<br /><br />
Radio Métropole","clud de paris, annulation, dette",2009-07-10 05:36:38.0,"Bernard"
39,"Annulation de la dette d’Haïti vis-à-vis de ses créanciers du Club de Paris, soit 214,73 millions de dollars","Les pays créanciers d’Haïti membres du Club de Paris ont convenu mercredi d’annuler, en deux étapes, la totalité de la dette d’Haïti vis-à-vis d’eux d’un montant de 214,73 millions de dollars.
<br /><br />
Le Club décide d’annuler 62,73 millions de dollars au titre du dispositif des Pays pauvres très endettés (PPTE).
<br /><br />
Les créanciers du Club de Paris se sont engagés à annuler, à titre bilatéral, 152 millions de dollars supplémentaires de dette d’Haïti. Ce qui devrait conduire à l’annulation totale de la dette d’Haïti vis-à-vis d’eux.
<br /><br />
« Cette décision a été prise suite à l’achèvement par Haït, le 30 juin dernier, de l’initiative renforcée en faveur des Pays pauvres très endettés (PPTE) », informe un communiqué du Club publié mercredi.
<br /><br />
La République d’Haïti s’est engagée à utiliser les ressources additionnelles provenant de l’annulation de sa dette pour atteindre les objectifs prioritaires identifiés dans son document de stratégie de réduction de la pauvreté, informe le Club de Paris.
<br /><br />
La dette externe publique d’Haïti s’élevait à 1,8 milliard de dollars en valeur nominale fin septembre 2008, selon le Club de Paris.
<br /><br />
Radio kiskeya","annulation, dette, haiti",2009-07-10 05:43:06.0,"Jean Bouco"
40,"L’OEA se réjouit de l’annulation d’environ 2/3 de la dette d’Haïti vis-à-vis de la Banque Mondiale, du FMI et de la BID","Le secrétaire général adjoint de l’Organisation des Etats Américains, l’ambassadeur Albert Ramdin, s’est félicité jeudi, au cours d’une rencontre avec le groupe des pays amis d’Haïti au sein de l’organisation, de la décision conjointe de la Banque Mondiale, du Fond Monétaire International et de la Banque Interaméricaine de Développement d’annuler environ deux tiers de la dette d’Haïti vis-à-vis d’eux.
<br /><br />
Le montant de la dette annulée par les 3 institutions financières internationales s’élève à 1.2 billion de dollars.
<br /><br />
« L’annulation de la dette représentera certainement un apport substantiel au budget d’Haïti », a déclaré Ramdin après avoir présenté un rapport détaillé de la situation d’Haïti sur les plans économique, politique et social.
<br /><br />
Le représentant permanent d’Haïti à l’OEA, l’ambassadeur Duly Brutus, a mis l’accent sur l’importance de la décision prise par les 3 institutions multilatérales la qualifiant de « nouvelle incroyable pour le pays ».
<br /><br />
Soulignant le calme régnant en Haïti après le second tour des élections, Albert Ramdin a toutefois déploré le faible taux de participation à ce scrutin. Il s’est enfin félicité du support apporté par le groupe des amis d’Haïti au sein de l’OEA au renforcement du système électoral haïtien et à l’effort général en faveur de la stabilisation du pays dans le cadre de la Mission onusienne.
<br /><br />
Les créanciers d’Haïti au sein du Club de Paris ont convenu mercredi d’annuler, en deux étapes, la totalité de la dette d’Haïti vis-à-vis d’eux d’un montant de 214,73 millions de dollars.
<br /><br />
Ces annulations de dette effectuées au titre du dispositif des Pays pauvres très endettés (PPTE), rendent Haïti momentanément inéligibles pour certains prêts. Ce que déplorent de nombreux économistes.
<br /><br />
Radio Kiskéya","endettement,annulation",2009-07-11 07:29:51.0,"Jean Bouco"
41," Début des discussions entre l'exécutif et le Parlement sur le budget   ","Les membres de la commission parlementaire des finances auront des entretiens ce mardi avec la Première Michèle Pierre Louis, le ministre des finances, Daniel Dorsainvil et le ministre de la planification Jean Max Bellerive autour des grandes orientations de la loi de finances 2009 – 2010.
<br /><br />
Le président de la commission finance, Jean Marcel Lemeran, indique que le gouvernement devra expliquer les motivations dans la définition des priorités du budget. Selon le parlementaire, les élus sont dans l'attente d'un bilan des réalisations notamment dans le secteur justice/ sécurité, prioritaire depuis 2006.
<br /><br />
Le député de Grand Goave prédit que ces collègues feront écho des principales revendications de la population en ce qui concerne l'administration publique.
<br /><br />
La séance de travail permettra l'analyse de l'ensemble du budget. La section recette et dépense de la loi de finance est gérée par le ministère des finances alors que la section investissement est placé sous la responsabilité du ministère de la planification.
<br /><br />
Le président de la commission finance de la chambre basse révèle qu'une augmentation de 16 % est envisagée pour les fonctionnaires de l'administration publique ayant un salaire inférieur à 38 000 gourdes.
<br /><br />
L'enveloppe budgétaire de 88,9 milliards de gourdes est légèrement en hausse par rapport à la loi de finance 2008- 2009 votée au début du mois. Le budget d'investissement est de 55.5 milliards et celui de dépenses est de 32.6 milliards de gourdes. L'apport interne au budget d'investissement est de seulement 8 milliards de gourdes.
<br /><br />
Radio Métropole","budget, pierre-louis,michele",2009-07-15 06:11:58.0,"Bernard"
42,"La Première Ministre veut introduire une nouvelle taxe sur les télécommunications   ","La Première Ministre d'Haïti, Michèle Pierre Louis, annonce qu'elle entend réintroduire la législation relative à une nouvelle taxe sur les appels téléphoniques. Lors d'une rencontre avec les membres de la commission finance de la chambre basse, Mme Pierre Louis a déploré que le projet de loi introduit l'année dernière ait été rejeté par les élus. "" Je pense que cette taxe devrait déjà être prélevée"", a lancé la Première Ministre qui se propose d'engager des discussions avec les parlementaires autour de ce dossier.
<br /><br />
Pour justifier sa position Michèle Pierre Louis révèle qu'Haïti est le seul pays de la région qui n'applique pas de taxe sur les appels entrants internationaux.
<br /><br />
La démarche du gouvernement consiste à appliquer une taxe sur les entreprises et non les sur les utilisateurs . La Première Ministre fait remarquer que les compagnies de téléphonie réalisent des bénéfices importants dans la rubrique des appels internationaux.
<br /><br />
Le gouvernement se propose donc de capter une partie des bénéfices des 4 compagnies de téléphonie dans le cadre des efforts visant à obtenir des ressources financiers additionnelles.
<br /><br />
Même si aucune date n'est annoncée le gouvernement semble faire de la nouvelle taxation sur les appels téléphoniques une de ses principales priorités.
<br /><br />
Radio Métropole","Duvivier Pierre-Louis, pm, telecommunication, taxe",2009-07-17 05:29:24.0,"Jean Michel"
43,"Vers la création d’un ""Fonds interaméricain pour Haïti""","Le Secrétaire général adjoint de l’Organisation des Etats américains, Albert Ramdin, a tenu jeudi à Washington une réunion avec les représentants de différentes institutions régionales sur le renforcement de leur coopération en vue de la mise en place prochaine d’un ""Programme interaméricain pour Haïti"".
<br /><br />
Selon un communiqué de l’OEA, la Banque interaméricaine de développement (BID), l’Organisation panaméricaine de la santé (OPS/OMS), la Fondation panaméricaine pour le développement (PADF) et l’Institut interaméricain de coopération pour l’agriculture (IICA) ont pris part à cette rencontre.
<br /><br />
""La coordination de l’assistance des donateurs reste encore un élément faible dans les efforts généraux déployés en faveur d’Haïti"", a fait remarquer le numéro deux de l’organisation hémisphérique ajoutant ""à mon sens, il est d’une importance cruciale d’intensifier la coopération entre les institutions interaméricaines concernant Haïti, non seulement à Washington DC, mais aussi sur le terrain où nous devons coordonner du mieux que possible l’assistance au développement afin de faire une utilisation rationnelle des ressources disponibles"".
<br /><br />
Albert Ramdin explique que les différents acteurs vont se pencher sur les modalités de création d’un Fonds de développement hémisphérique pour Haïti conformément à l’engagement auquel avaient souscrit les chefs d’Etat et de gouvernement présents au Ve sommet des Amériques, en avril dernier à Trinidad et Tobago. Il espère que le rapport relatif à la création du Fonds sera disponible d’ici deux mois.
<br /><br />
L’OEA informe qu’à la réunion de jeudi, les cinq organismes interaméricains ont approuvé la préparation d’une ""mission de haut niveau"" attendue à Port-au-Prince à la mi-septembre. La délégation qui devra analyser ""la situation actuelle en Haïti et les projets positifs qui s’y développent"" sera composée, outre l’OEA, la BID, l’OPS, la PADF et l’IICA, de représentants des pays membres de l’organisation hémisphérique, de parlementaires et de médias.
<br /><br />
A côté de ses fonctions de secrétaire général adjoint de l’OEA, M. Ramdin dirige une task force sur Haïti. L’organisation panaméricaine joue dans le pays un rôle politique et technique de premier plan dans le cadre d’une prise en charge internationale consécutive à des crises en cascade ayant fortement ébranlé les institutions nationales et l’autorité de l’Etat.
<br /><br />
Radio Kiskeya
","fonds interamérication, haiti",2009-07-17 05:35:42.0,"Jean Michel"
44,"Haïti allégement de la dette; Le premier ministre applaudit cette décision   ","Le premier ministre haïtien Michèle D, Pierre-Louis s'est réjouit de la décision prise par des institutions internationale d'alléger la dette haïtienne de 1,2 milliards de dollars.
<br /><br />
« C'est parce qu'Haïti a su répondre aux conditionnalités de l'allègement de la dette et que nous avons pu maintenir une certaines stabilité macro-économique » a laissé entendre le chef du gouvernement haïtien. .
<br /><br />
Michelle Duvivier Pierre Louis a fait ses déclarations en marge du forum déroulé à Port-au-Prince, les 16 et 17 juillet 2009, sous les auspices de la Banque interaméricaine de développement (BID) à l'occasion de son cinquantenaire. .
<br /><br />
« Concrètement, cela signifie que 50 millions de dollars US n'auront pas à être payés au titre du service de la dette chaque année. Cela veut donc dire que cette somme sera disponible dans le budget pour faire face à l'augmentation du budget de fonctionnement et d'investissement. signale Mme Pierre-Louis. .
<br /><br />
Le premier ministre haïtien a rappelé qu' « Haïti est un des membres fondateurs de la Banque interaméricaine pour le développement. .
<br /><br />
Elle, a aussi insisté sur l'importance de l'appui de la BID dans un projet d'identification en cours de toutes les Haïtiennes et de tous les Haïtiens. .
<br /><br />
A signaler en termes d'allègement de la dette extérieure d'Haïti [qui s'élève à 1,2 milliard de dollars américains auprès de différents créditeurs], la BID annule 549 millions de dollars US dont 34,15 millions déjà alloués au titre d'assistance intérimaire.
<br /><br />
Radio Métropole","allègement, dette, pm",2009-07-21 05:13:19.0,"Jean Michel"
45,"Bras de fer entre le gouvernement et le Parlement autour du 14 eme mois   ","De nombreux députés menacent de ne pas voter la loi de finance 2009 – 2010 si le gouvernement persiste dans son refus d'accorder des subventions scolaires aux fonctionnaires de l'Etat.
<br /><br />
Le président de la commission finance de la chambre basse, Jean Marcel Lumérant, a révélé que le rapport de la commission a été déjà soumis au bureau. Il souligne que les présidents des commissions ont décidé de reporter la séance consacrée au vote du rapport afin de contraindre le ministre des finances à confirmer le versement du 14 eme mois aux 60 000 employés de la fonction publique.
<br /><br />
De nombreux députés et sénateurs sont mecontents de la décision du grand argentier de la république de mettre un terme au versement des subventions scolaires. La loi de finance est donc dans l'impasse à la chambre basse en raison du 14 eme qui n'est tout même pas prévu par le code du travail.
<br /><br />
Une rencontre entre la Première Ministre et l'assemblée des députés est prévue le mardi 25 aout afin d'évaluer les possibilités de mobiliser des fonds pour la subvention scolaire. Michèle Pierre Louis sera accompagnée des ministres des finances et de la planification au cours de cette séance de travail qui permettra également d'analyser les projets prévus dans le budget 2008 – 2009.
<br /><br />
Le député de Pétion ville, Steven Benoit, met l'accent sur la nécessité d'accorder cette subvention tout en faisant remarquer qu'elle pourrait être éliminer dans le prochain budget.
<br /><br />
Le sénateur Joseph Lambert s'attend à un effort spécial du gouvernement pour accorder ce 14 eme tant attendu par les parents. Il préconise que cette subvention soit accordée partiellement en attendant le vote du budget 2009 -2010.

<br /><br >
http://www.metropolehaiti.com","budget, quatrozième mois, 14e",2009-08-24 05:44:18.0,"Jean Michel"
46,"Nouvelle pomme « apparente » de discorde entre le Législatif et l’Exécutif : la suppression du 14ème mois de salaire aux employés de l’Etat","La décision de ne pas accorder un 14ème mois de salaire cette année aux employés de l’état commence à devenir un véritable sujet de préoccupation au parlement où certains sénateurs, des députés et même des employés du parlement appréhendent les conséquences d’une telle disposition sur la rentrée scolaire.
<br /><br />
Le sénateur Jean Hector Anacacis (Ouest, LESPWA) a ouvertement désapprouvé cette disposition, estimant qu’elle nuira à coup sûr aux parents qui se servent ordinairement de cet argent pour faire face aux coûteuses exigences de la rentrée scolaire. Anacacis demande au gouvernement d’user de tout ce qui est en son pouvoir afin de trouver les ressources nécessaires au paiement du 14ème mois de salaire.
<br /><br />
Abondant dans le même sens, le député Anthony Dumont (Léogane, RDNP) a critiqué le fait que le gouvernement ait attendu la veille de la rentrée scolaire pour annoncer « une aussi grave décision ».
<br /><br />
Le parlementaire a lancé un appel au gouvernement pour qu’il se ressaisisse au plus vite.
<br /><br />
Se mêlant de la partie, des employés du parlement ont exprimé jeudi leur désarroi face à cette mesure au micro des journalistes accrédités au Palais législatif.
<br /><br />
Face au tollé soulevé par la disposition, le président de la Commission Finances de la Chambre basse, le député Jean Marcel Lumérant, a annoncé la convocation la semaine prochaine, pour des explications, du ministre de l’Economie et des Finances, Daniel Dorsainvil et de son collègue de la Planification et de la Coopération Externe, Jean Max Bellerive.
<br /><br />Radio Kiskeya","14e, budget, quatorzième mois",2009-08-24 05:50:15.0,"Jean Michel"
47,"Le premier ministre haïtien est attendu ce mardi au parlement   ","Le chef du gouvernement accompagné des ministres des finances et de la panification externe est attendu ce mardi au sénat de la république selon le président de la chambre des députés.
<br /><br />
Plusieurs points sont à l'ordre du jour lors de cette invitation, comme par exemple le paiement d'un quatorzième mois aux employés de la fonction publique, et les 197 millions de dollars débloqués dans le cadre d'un fond d'urgence a indiqué Levaillant Louis Jeune. .
<br /><br />
Michelle Duvivier Pierre Louis devrait aussi fournir aux parlementaires des explications sur la façon dont été dépensés les fonds mis à la disposition du gouvernement dans le cadre du budget 2008-2009 a-t il-ajouté. .
<br /><br />
Certains parlementaires protestent contre la suppression du paiement du quatorzième mois aux employés de l'Etat. Ils pensent qu'il est possible de réaffecter certains fonds dans le projet de budget 20o9-2010 pour ne pas pénaliser les employés concernés. .
<br /><br />
Ils menacent déjà de ne pas voter le budget pour la nouvelle année fiscale si le gouvernement ne revient pas sur sa décision. .
<br /><br />Radio Métropole","parlement, budget, 14e mois",2009-08-24 11:32:58.0,"Jean Michel"
48,"Le gouvernement élimine le 14 eme mois","Le dossier des subventions scolaires aux fonctionnaires de l'Etat a été débattu lors d'une séance de travail hier entre le ministre des finances, Daniel Dorsainvil, et plusieurs députés, membres des commissions permanentes.
<br /><br />
Le grand argentier de la république a confirmé la décision du gouvernement de ne pas accorder les subventions scolaires, connu sous le nom de 14 eme mois.
<br /><br />
Il a expliqué que ces subventions totalisant 25 millions de dollars américains ne sont pas prioritaires comparées à des projets d'infrastructures routières ou de relance de la production agricole. "" Cette subvention spéciale qui a été accordée en certaine occasion nécessite des ressources non disponibles"", insiste le ministre des finances faisant remarquer qu'aucune allocation dans le budget n'a été prévue pour cette subvention.
<br /><br />
M. Dorsainvil a également attiré l'attention sur la nécessité pour que le gouvernement mobilise des fonds en vue de subventionner des manuels scolaires et d'autres programmes destinés à l'ensemble de la population.
<br /><br />
Le gouvernement envisage de financer la confection de plusieurs centaines de milliers d'uniformes et le programme de cantine scolaire.
<br /><br />
Face à l'insistance des élus, le ministre des finances a évoqué la possibilité d'accorder une première tranche du bonus aux fonctionnaires de l'Etat au cours du mois de septembre. Il signale que la seconde tranche du bonus annuel devrait être versée comme prévue en décembre 2009.
<br /><br />http://www.metropolehaiti.com","budget, 14e mois, dorsainvil, ministère des finances",2009-08-26 09:56:26.0,"Jean Michel"
49,"Le gouvernement réaffirme ne pas pouvoir accorder un 14ème mois de salaire cette année aux employés de l’Etat","La première ministre Michèle Pierre Louis a affirmé jeudi, par-devant la Commission Finances de la Chambre basse, l’impossibilité pour le gouvernement d’accorder cette année un 14ème mois de salaire aux employés de l’Etat, à l’occasion de la rentrée des classes.
<br /><br />
« La question du 14ème mois de salaire soulève un problème d’ordre financier, social et éthique », a soutenu Mme Michèle Pierre Louis à l’appui de l’argumentation qu’elle a développée pour justifier l’impossibilité d’accorder le bonus spécial.
<br /><br />
Le ministre de l’Economie et des finances, Daniel Dorsainvil, a proposé que le bonus distribué à la fin de l’année soit plutôt versé en deux temps,une partie maintenant, et l’autre en décembre. Formule que les membres de la commission ont formellement rejetée. Ils ont par contre proposé que le gouvernement insère le montant correspondant au 14ème mois dans le projet de budget 2009-2010 qui, s’il est voté, sera en vigueur à partir du 1er octobre. Le chef du gouvernement a promis d’analyser la proposition et de communiquer sa réponse aux députés dans 48 heures.
<br /><br />
La majorité des députés présents à l’audition se sont prononcés en faveur du « 14ème mois ».
<br /><br />
Outre le ministre des Finances, le chef du gouvernement s’était fait accompagner au Parlement du ministre de la Planification et de la Coopération externe, Jean Max Bellerive.
<br /><br />
La question du 14ème mois fait depuis quelques jours l’objet de débats passionnés au Parlement haïtien et dans les médias. Elle concerne des milliers d’employés du secteur public qui, depuis environ 3 ans, bénéficient de cette forme de subvention gouvernementale à la rentrée des classes.
<br /><br />
Alors que le débat va encore bon train, certains organismes autonomes de l’Etat auraient déjà distribué ce bonus spécial à leurs employés.
<br /><br />Radio Kiskeya","14e mois, budget",2009-08-28 05:46:33.0,"Jean Michel"
50,"Le gouvernement ne dispose pas de moyens financiers pour accorder un 14è mois cette année   ","La première ministre Michèle Pierre Louis a réaffirmé jeudi devant la commission/finances de la chambre des députés, que le gouvernement n'a pas les moyens d'accorder cette année un 14è mois de salaires aux employés de la fonction publique comme c'est le cas depuis plusieurs années.
<br /><br />
Le moment est venu pour l'Etat haïtien de bien dépenser l'argent du trésor public"", a fait savoir Michèle Pierre Louis .
<br /><br />
Le chef du gouvernement a précisé qu'un mois de salaires pour 60,500 agents de la fonction publique s'élève à près d'un milliard de gourdes soit 25 millions de dollars américains.
<br /><br />
Faisant savoir que son gouvernement entreprend toutes les démarches possibles pour redresser la situation de corruption et de gaspillage qui règne dans l'Etat, elle s'est demandée s'il faut distribuer ces fonds à 60,500 personnes ayant déjà 13 mois de salaires ou les utiliser au service de la collectivité.
<br /><br />
""La majorité de la population ne travaille pas dans l'Etat et les autorités se doivent de se pencher sur le sort de ceux qui gagnent 2 dollars américains par jour, a-t-elle indiqué, ajoutant que c'est à l'Etat qu'il revient de s'occuper surtout des plus pauvres et de combattre la corruption.
<br /><br />
Soulignant qu'elle ne dispose même pas d'une automobile neuve à la primature, Michèle Pierre-Louis a dit qu'elle se sentirait inconfortable en augmentant le nombre de véhicules du parc automobile d'un Etat dont la gestion laisse à désirer.
<br /><br />
A Face à l'insistance des élus, le ministre des finances avait évoqué la semaine dernière la possibilité d'accorder une première tranche du bonus aux fonctionnaires de l'Etat au cours du mois de septembre.
<br /><br />
Il signale que la seconde tranche du bonus annuel devrait être versée comme prévue en décembre 2009.
<br /><br />Radio Métropole","14e mois, budget",2009-08-28 13:31:50.0,"Jean Michel"
51,"Haïti-rentrée scolaire: le gouvernement maintient sa décision de ne plus subventionner les fonctionnaires publics","Le gouvernement a maintenu sa décision de ne pas octroyer cette année le “quatorzième mois de salaire” aux employés de la fonction publique. Dans une correspondance adressée lundi au Président de la Chambre basse, Levaillant Louis-Jeune, la Première Ministre, Michèle Pierre-Louis, a expliqué que le budget de l’exercice fiscal 2008-2009 ne lui permettrait pas d’accorder cette subvention.
<br /><br />
Cependant, une avance de 50 % pourrait être attribuée aux fonctionnaires publics sur leur bonus régulier, si ces derniers le souhaitaient, a indiqué Madame Pierre-Louis.
<br /><br />
Le gouvernement serait également prêt à accompagner les parents nécessiteux à l’occasion de la rentrée des classes en leur offrant des kits scolaires, livres et uniformes.
<br /><br />
De plus, les efforts de l’équipe gouvernementale sont concentrés sur la réhabilitation des infrastructures endommagées lors du passage des cyclones en été dernier et sur la relance de la production agricole, a-t-elle dit.    
<br /><br />
Le Président de la Chambre des Députés a fait savoir que cette subvention n’était non plus insérée dans le budget de l’exercice fiscal 2009-2010.
<br /><br />
M. Louis-Jeune a dit qu’il incombait aux Députés de trancher sur la question tout en évitant un bras de fer entre l’exécutif et le Parlement vu la situation actuelle.
<br /><br />
Cette décision des autorités a révolté le Député Denis Saint-Fort, estimant que le gouvernement devrait être interpellé si ses collègues étaient responsables.
<br /><br />
Pour sa part, le Député Hugues Célestin s’est dit surpris de la décision du gouvernement de refuser le “quatorzième mois de salaire” aux employés de la fonction publique vu les ”fortes sommes engagées par les autorités pour parvenir à l’adoption des objections du Chef de l’Etat sur le salaire minimum”.
<br /><br />
Le Parlementaire a fait référence notamment aux dépenses effectuées pour la diffusion des spots concernant les recommandations de René Préval.
<br /><br />
M. Célestin serait disposé à rejoindre les Parlementaires favorables à l’interpellation du gouvernement.
<br /><br />
Depuis environ cinq (5) ans le gouvernement accordait un “quatorzième mois de salaire” aux fonctionnaires publics à chaque rentrée scolaire.
<br /><br />Radio Vision 2000","14e, subventions, budget",2009-09-02 06:48:05.0,"Jean Michel"
52,"Michèle Pierre Louis refuse d'accorder une subvention spéciale aux fonctionnaires   ","La Première Ministre Michèle Pierre Louis dans une lettre au président de la chambre basse a expliqué que son gouvernement ne dispose pas de ressources financières pour accorder le 14 eme mois aux 60 500 fonctionnaires de l'Etat.
<br /><br />
Elle a fait remarquer que cette rubrique n'avait pas été insérée dans le budget 2008 -2009. De plus, elle informe qu'aucune allocation pour le 14 eme mois ne figure dans le projet de loi de finance 2009-2010 qui a été récemment voté par la chambre basse.
<br /><br />
Pour conforter sa position la Première Ministre soutient que son gouvernement a décidé d'accorder la priorité au programmes de subventions des manuels scolaires et des uniformes pour plusieurs milliers de familles dans le cadre de la rentrée scolaire.
<br /><br />
Dans sa correspondance, Mme Pierre Louis assure que son gouvernement préfère mobiliser les ressources financières disponibles pour la réalisation de projet d'infrastructure visant notamment la relance de la production nationale.
<br /><br />
Toutefois elle annonce qu'une première tranche du bonus annuel sera disponible afin de permettre aux fonctionnaires de l'Etat de préparer la rentrée scolaire. Cette première tranche du bonus pourrait être accordée aux employés qui en font la demande.
<br /><br />
La chambre des députés devra se prononcer ce mercredi sur le refus du gouvernement d'accorder une subvention spéciale, connue sous le nom de 14 eme mois aux employés de la fonction publique.
<br /><br />
De son coté, le président de la chambre basse souhaite que collègues évitent un bras de fer avec l'exécutif autour de l'épineux dossier du 14 eme mois.
<br /><br />
Plusieurs élus dont le député de Limonade, Hugues Célestin, envisagent d'interpeller le gouvernement qui selon eux n'œuvre pas afin d'améliorer la situation des couches défavorisées.
<br /><br />Radio Métropole","14e, subventions scolaires",2009-09-02 15:06:35.0,"Bernard"
53,"Haïti : Nouveau don de 30 millions de dollars de la BID ","La Banque inter-américaine de développement va accorder à Haïti un nouveau don de 30 millions dollars qui doit assurer le financement de travaux de prévention d’inondations dans trois bassins versants essentiels et la promotion du développement agricole durable.
<br /><br />
Selon un communiqué rendu public mercredi à Washington, cette enveloppe constituera la part de contribution de la BID à des ouvrages publics qui doivent être réalisés sur une superficie représentant 6% du territoire national. Quelque 360.000 habitants des bassins versants de la Grande Rivière du Nord (nord), de la Ravine du Sud et de Cavaillon (sud) seront les bénéficiaires des interventions techniques qui doivent limiter les flux torrentiels, protéger les infrastructures et les biens immobiliers susceptibles d’être touchés par des inondations ou des glissements de terrain.
<br ><br />
D’autre part, il est prévu une assistance directe à la promotion de l’agriculture durable dans les bassins versants. Ainsi, des dons seront réservés aux producteurs légalement reconnus ou à des cultivateurs indépendants qui accepteront de pratiquer une forme d’agriculture favorable à la lutte contre l’érosion dans les parties les plus vulnérables des bassins versants. En vue de minimiser la gravité des catastrophes naturelles, une partie des 30 millions de dollars sera consacrée à l’assistance technique, la formation et la fourniture de matériels à huit municipalités et entités responsables de l’aménagement des bassins.
<br ><br />
De l’avis de Gilles Damais, chef d’équipe de projet à la BID, les ouvrages financés devraient permettre de réduire jusqu’à 20 % l’intensité des inondations dans les trois régions ciblées et d’augmenter de 20 % leur couverture végétale.
<br /><br />
Le communiqué souligne que le don s’inscrit dans le cadre d’efforts déployés par les autorités haïtiennes et la Banque interaméricaine de développement afin de limiter les menaces constantes de désastres naturels auxquelles fait face la population et de renforcer les infrastructures essentielles dans les bassins versants extrêmement vulnérables.
<br /><br />
La BID participe aussi à la mise en place d’un programme national d’alerte précoce pour les 13 principaux bassins versants du pays en cas d’inondations. Dans cette perspective, l’on procédera prochainement dans les départements du Sud-Est et du Sud à la distribution de matériels et à la formation des communautés locales. Tout le dispositif de gestion des inondations devrait être opérationnel en décembre 2010.
<br />,br />
Outre la prévention des catastrophes, la BID qui figure parmi les principaux partenaires multilatéraux d’Haïti, intervient dans l’amélioration des infrastructures et des services de base. Ses dons pour l’année 2009 totalisent 122 millions de dollars et devraient passer en 2010 à 128 millions.
<br /><br />
Haïti, qui a récemment obtenu l’effacement d’une bonne partie de sa dette externe, n’a plus accès, depuis plusieurs années, au portefeuille de crédit des institutions financières internationales.
<br /><br />
Radio Kiskeya","don de la bid, bid",2009-09-17 11:47:55.0,"Jean Michel"
54,"Haïti-USA : accord pour annuler la dette bilatérale haïtienne","Selon un communiqué de l’ambassade, cet accord est réservé aux pays pauvres très endettés (PPTE). Reconnaissant qu’Haïti a atteint le point d’achèvement de l'Initiative PPTE avec succès, environ 12.6 millions de dollars – représentant la totalité de la dette d'Haïti envers le gouvernement américain – seront annulés selon les termes de cet accord.
<br /><br />
«Je tiens à féliciter le ministre Dorsainvil et le gouvernement haïtien pour leurs efforts concernant la responsabilité fiscale», a déclaré l'ambassadeur Merten. «Je suis heureux d'annoncer que nous avons maintenant conclu un accord bilatéral de réduction de dette avec Haïti. Selon cet accord, les États-Unis annulent les 12.6 millions de dollars de la dette bilatérale, ce qui représente la totalité de la dette du gouvernement haïtien envers le gouvernement américain», a-t-il ajouté.
<br /><br />
L’application avec succès des réformes économiques et financières par Haiti étaient des facteurs primordiaux conduisant à ces engagements internationaux d’allègement de la dette d'Haïti. Cet été, Haïti a rempli les conditions requises aux Pays Pauvres Très Endettés (PPTE) qui la qualifient à obtenir plus de 1 milliard de dollars d’allègement de sa dette par ses créanciers multilatéraux et bilatéraux.
<br /><br />
L'accord signé vendredi met en œuvre la portion américaine d’un accord multilatéral que les créanciers officiels du groupe du Club de Paris ont négocié avec Haïti le 8 juillet dernier concernant l’annulation d’environ 62.7 millions de dollars de sa dette officielle.
<br /><br />
Les créanciers d’Haïti au Club de Paris, incluant le Canada, la France, l'Italie et les Etats-Unis ont l’intention de fournir 152 millions de dollars en annulation additionnelle de dette au-delà des pré requis exigés par l’Initiative accordée aux Pays Pauvres Très Endettés (PPTE).
<br /><br />
Suite à cette décision, la totalité de la dette d’Haïti envers les membres du Club de Paris, qui est estimée à 214 millions de dollars, sera entièrement annulée.
<br /><br />
haitipressnetwork.com","annulation dete haiti, dette",2009-09-19 08:32:50.0,"Jean Michel"
55,"Les Etats-Unis annulent la dette d'Haïti   ","L'Ambassadeur des Etats-Unis à Port-au-Prince, Kenneth H. Merten, et le Ministre Haïtien de l'Economie et des Finances, Daniel Dorsainvil, ont paraphé vendredi dernier l'accord qui permet d'effacer la totalité de la dette d'Haïti envers le gouvernement américain soit 12.6 millions de dollars.
<br /><br />
Le diplomate américain a salué les efforts du gouvernement haïtien dans le domaine de la responsabilité fiscale. L'application avec succès des réformes économiques et financières par Haïti étaient des facteurs primordiaux conduisant à ces engagements internationaux d'allègement de la dette d'Haïti.
<br /><br />
L'ambassadeur des Etats-Unis a rappelé qu'Haïti a rempli au cour de l'été 2009, les conditions requises aux Pays Pauvres Très Endettés (PPTE) l'autorisant à obtenir plus de 1 milliard de dollars d'allègement de sa dette par ses créanciers multilatéraux et bilatéraux.
<br /><br />
Selon M. Merten l'accord du 18 septembre représente la participation des Etats-Unis à l'accord multilatéral que les créanciers officiels du groupe du Club de Paris avaient négocié avec Haïti en juillet dernier. Les créanciers d'Haïti au Club de Paris, le Canada, la France, l'Italie et les Etats-Unis ont promis d'annuler 62.7 millions de dollars de la dette officielle d'Haiti.
<br /><br />Radio Métropole","annulation, dette, USA",2009-09-21 08:08:26.0,"Jean Bouco"
56,"Le projet loi de finances 2009-2010 à l'ordre du jour au Sénat de la république   ","Le sénat de la république pourrait se pencher ce jeudi sur le rapport de la commission de finances chargée d'analyser le projet loi de finances 2009-2010.
<br /><br />
En dépit des failles répertoriées dans le projet de loi, il devrait passer avec des corrections à la chambre haute avait averti le président de la commission de finances le sénateur Nelnel Cassis.
<br /><br />
Le budget pour l'année fiscale à venir est évalué à 88.9milliards de gourdes ; 22.6 milliards vont dans les dépenses courantes ,55.5 milliards concernent les dépenses d'investissement.
<br /><br />
Le budget est ventilé en fonction des mêmes priorités du gouvernement
<br /><br />Radio Métropole","loi de finances, senat, budget",2009-09-24 14:45:40.0,"Jean Bouco"
57,"258 millions de dollars pour Haïti, promet le Clinton Global Initiative","Le Clinton Global Initiative (CGI) dirigé par l’ancien Président américain et actuel envoyé spécial de l’ONU pour Haïti, Bill Clinton, a annoncé vendredi une enveloppe de 258 millions de dollars pour la réalisation de différents projets en Haïti, rapporte l’Associated Press.
<br /><br />
Lors de la conférence annuelle de la fondation qui s’est déroulée à New York, en marge de la 64e assemblée générale ordinaire des Nations Unies, 21 projets ont été dévoilés. Parmi eux, la distribution, pendant trois ans, d’eau potable et d’installations sanitaires à 50.000 haïtiens issus des couches les plus défavorisées, selon un engagement financier de 2 millions de dollars de Water.org, une organisation du célèbre acteur américain Matt Damon.
<br /><br />
De leur côté, Habitat pour l’humanité et l’Agence américaine pour le développement international (USAID) ont promis 4,5 millions de dollars qui seront consacrés aux travaux de réparation de 1.500 habitations familiales aux Gonaïves (171 km au nord de Port-au-Prince) et à Cabaret (35 km au nord), deux villes ravagées au cours du passage, l’an dernier, de quatre ouragans et tempêtes tropicales.
<br /><br />
En 2008, une campagne similaire de levée de fonds du Clinton Global Initiative avait permis de récolter 170 millions de dollars pour 31 projets à travers le pays.
<br /><br />
Un porte-parole de Bill Clinton précise qu’une partie de l’aide promise cette année a déjà été débloquée.
<br /><br />
Parmi les personnalités présentes à la réunion annuelle du CGI figuraient le Président René Préval, la militante écologiste kényane et Prix Nobel de la paix 2004, Wangari Maathai et l’acteur américain Brad Pitt, une des coqueluches d’Hollywood. <br /><br />Radio Kiskeya","clinton, clinton global initiative",2009-09-26 06:45:05.0,"Jean Bouco"
58,"La BID accorde 3 millions de dollars pour la réhabilitation de l'environnement   ","La Banque Interaméricaine de développement (BID) a octroyé mercredi dernier un don de 3,44 millions pour soutenir la gestion durable des terres et des forêts et améliorer la préservation du parc de Macaya. Ce don, permettra le reboisement des principaux bassins hydrologiques du sud-ouest du pays et la mise en œuvre d'un système de contrôle et de séquestration du carbone pour prévenir les émissions de gaz à effet de serre dans la zone abritant le parc de Macaya.
<br /><br />
Le projet sera exécuté pendant 4 ans et renferme quatre composantes, dont le renforcement des capacités de gestion des bassins hydrologiques et l'adoption de technologies de gestion durable des terres.
<br /><br />
Il est également prévu un renforcement des capacités locales de protection des sols et de séquestration du carbone, une augmentation de la plantation d'arbres fruitiers et de haute futaie, ainsi que l'accroissement de la productivité de l'élevage dans les sommets des bassins hydrologiques.
<br /><br />
En outre la restauration de 200 hectares de forêts du parc de Macaya, le règlement des litiges fonciers, la construction de petits barrages et de réservoirs d'eau, le développement de l'élevage de moutons et le cofinancement d'un centre de décorticage de café seront également réalisés.
<br /><br />Radio Kiskeya","BID, aide, environnement",2009-09-30 06:19:55.0,"Jean Michel"
59,"Le Sénat approuve le budget 2009-2010 dans les mêmes termes que la Chambre Basse","Les Sénateurs ont approuvé le budget de l’exercice fiscal 2009-2010 mardi à deux jours de l’ouverture de nouvel exercice fiscal.
<br /><br />
Le budget  se chiffre à un peu plus de 88  milliards de gourdes (41 gourdes pour 1 USD).
<br /><br />
Le rapport de la commission de finance de la Chambre Haute avait recommandé aux Sénateurs d’adopter le budget dans les mêmes termes que les Députés, a précisé Nènèl Cassy, Président de ladite commission.
<br /><br />
Toutefois, le document est passible de modifications, a souligné M. Cassy affirmant que des recommandations ont été faites en ce sens au gouvernement. Le Parlementaire n’a pas précisé les termes de ces changements.
<br /><br />
Une commission de contrôle sera mise sur pied en vue de suivre le gouvernement dans l’exécution et le suivi des recommandations, a-t-il fait savoir.
<br /><br />
Onze (11) Sénateurs sur les dix-sept (17) ayant participé à la séance ont adopté le budget et cinq (5) ont fait abstention. Le Président de l’Assemblée ne pouvant pas voter.
<br /><br />
Le document devrait être acheminé à l’exécutif avant le premier octobre pour promulgation au journal Le Moniteur.
<br /><br />Radio Vision 2000","budget 2009-2010, haiti, senat",2009-09-30 06:25:32.0,"Jean Michel"
60,"Le Budget 2009 -2010 a été ratifié par le sénat   ","Les sénateurs ont approuvé hier, par 11 voix pour et 1 contre, le projet de loi de finance 2009 -2010. Les sénateurs ont préféré mettre une sourdine à leurs exigences sur certaines incohérences relevées par la commission finance afin de respecter le délai constitutionnel pour l'application du budget.
<br /><br />
Le rapport de la commission, présidée par Nenel Cassy, a été approuvé par les pères conscrits permettant ainsi de voter ce projet de loi dans les mêmes termes que les députés.
<br /><br />
Auparavant la Première Ministre, Michèle Pierre Louis avait fourni des informations complémentaires notamment en ce qui a trait à la gestion des 22 millions de gourdes allouées au bureau de liaison avec le représentant spécial du secrétaire général de l'ONU et l'absence de ressources financières pour les partis politiques.
<br /><br />
Mme Pierre Louis a promis qu'une enveloppe sera consacrée au Partis politiques comme prévu dans les lois sur les partis politiques et les élections.
<br /><br />
Moins d'une douzaine de sénateurs ont ainsi approuvé cette loi de finance alors que le grand corps compte 29 élus. Commentant cette situation, le président du sénat, Kelly Bastien, explique que 8 élus sont en voyage à l'etranger alors que 4 autres participent à une fête patronale dans leur département.
<br /><br />
La loi de finance 2009 – 2010 a été votée sur le fil, puisque la sénatrice Edmonde Supplice Beauzile avait abandonné la séance en raison de divergences avec le bureau.
<br /><br />Radio Métropole","budget 2009/2010, haiti, parlement",2009-09-30 09:19:35.0,"Jean Michel"
61,"La BID annonce à Port-au-Prince un don de 25 millions de dollars pour Haïti","La Banque interaméricaine de développement a accordé jeudi un don de 25 millions à Haïti qui sera consacré à la poursuite des travaux d’amélioration du réseau routier national et à l’entretien des routes dans les départements des Nippes, de la Grand’Anse (sud-ouest) et du Sud où les difficultés de transport restent énormes.
<br /><br />
Annoncée à Port-au-Prince en marge de la ""réunion d’affaires internationales 2009"" organisée à l’initiative de la BID et de l’envoyé spécial de l’ONU, Bill Clinton, cette aide va contribuer à l’amélioration des conditions de transport et de la sécurité routière. Elle doit aussi donner une impulsion au développement économique du sud du pays, une région au potentiel agricole et touristique élevé.
<br /><br />
Selon un communiqué de la BID, ces 25 millions de dollars constituent la troisième tranche d’une série de quatre dons annuels au montant égal octroyés pour des interventions sur les routes d’Haïti.
<br /><br />
Les travaux à entreprendre concerneront la réhabilitation de 43 kilomètres de routes secondaires et tertiaires dans la péninsule du sud, l’aménagement de 2 kilomètres de pavage et de drainage aux intersections urbaines de la région, la construction de deux ponts sur la rivière Froide et l’élargissement de la lagune de Miragoâne.
<br /><br />
La Banque interaméricaine de développement, dont le numéro un Luis Alberto Moreno co-préside avec Bill Clinton la mission commerciale venue en Haïti, représente une partenaire multilatérale très importante pour le pays où elle intervient principalement dans le secteur des infrastructures de base.
<br /><br />Radio Kiskeya","BID, don, haiti",2009-10-02 06:51:42.0,"Jean Michel"
62,"Haïti/BID : 25 millions de dollars pour réhabiliter les routes du Grand Sud","La Banque interaméricaine de développement (BID) a annoncé, le 1er octobre 2009, une aide de 25 millions de dollars pour aider Haïti à poursuivre les travaux d’amélioration et d’entretien des routes reliant les départements du Sud, des Nippes et de la Grand Anse.
<br/><br/>
Ce don favorisera l’amélioration des conditions de transport et de la sécurité routière, ce qui stimulera le développement économique de cette région recélant un énorme potentiel agricole et touristique’’, précise la BID dans un communiqué.
<br /><br />
Dans la péninsule du Sud, une partie de ce montant sera utilisée pour réhabiliter 43 kilomètres de routes secondaires et tertiaires puis aménager 2 kilomètres de pavage et de drainage aux intersections urbaines.
<br /><br />
4,5 millions de dollars seront utilisés pour financer la construction de deux ponts sur Rivière froide et l’élargissement de la lagune de Miragoâne.
<br /><br />
Un montant de 2,8 millions de dollars servira à financer des travaux d’entretien routier, notamment l’assistance technique aux bureaux locaux du ministère des Travaux publics, l’acquisition d’équipements pour l’entretien des routes et les travaux d’entretien.
<br /><br />
Ces activités marqueront le point de départ d’une stratégie globale d’aménagement du réseau routier conçue par les autorités haïtiennes, souligne la BID.
<br /><br />
C’est le troisième d’une série de quatre dons annuels de 25 millions de dollars chacun octroyés à Haïti pour la réhabilitation de son réseau routier.
<br /><br />
Avec ce financement, les routes des environs d’Aquin, de L’Asile, et d’Anse à Veaux seront remises en état pour faciliter l’accès des populations de la vallée de Rivière des Pins à la capitale Port-au-Prince et à d’autres services et centres commerciaux comme Cayes et Miragoâne.
<br /><br />
L’aménagement des intersections dans les localités situées le long de la route Cayes-Jérémie favorisera la participation de petites entreprises locales au programme, créant par la même occasion des emplois et des compétences extrêmement utiles, selon la BID.
<br /><br />
Les fonds promis proviendront du Mécanisme de financement des dons de la BID et seront décaissés sur une période de trois ans (2010–2012).
<br /><br />
Le programme dans son ensemble bénéficie également d’un don de 75 millions de dollars canadiens de l’Agence canadienne de développement international qui soutient la remise en état des 71 kilomètres de la route reliant Les Cayes à Jérémie.
<br /><br />
La BID dit financer un vaste portefeuille de projets en Haïti, principalement dans le secteur de l’infrastructure de base. Ce programme représente plus de la moitié des financements consentis par la Banque pour l’amélioration et l’entretien des routes du pays.
<br /><br />Radio Vision 2000","BID, don, haiti",2009-10-03 07:39:50.0,"Jean Michel"
63,"Haïti : Le salaire des fonctionnaires de la justice revu à la hausse","Le ministre de la justice annonce un ajustement salarial, à partir de ce mois d’octobre 2009, en faveur des juges, commissaires du gouvernement et substituts de toutes les juridictions du pays.
<br /><br />
Sans fournir des détails sur cette augmentation salariale, le ministère de la justice et de la sécurité publique (MJSP) indique que cette décision a été adoptée lors du dernier Conseil des ministres.
<br /><br />
En attendant la mise en place du Conseil supérieur du pouvoir judiciaire, les autorités haïtiennes invitent les juges de différents tribunaux du pays à occuper leurs fonctions conformément à la Constitution.
<br /><br />
Parallèlement, le ministère de la justice adopte tout un train de mesures concernant la délivrance des certificats de bonne vie et mœurs par les tribunaux de paix du pays.
<br /><br />
La carte d’identification nationale, l’acte de naissance ou extrait des archives, 2 photos d’identité, certificat délivré par la police, sont entre autres exigés au moment de la demande.
<br /><br />
Le ministère de la justice dit arrêter ces dispositions pour freiner les abus dans la délivrance de certificats de bonnes vie et mœurs.
<br /><br />
Un délai maximum de 8 jours ouvrables est accordé au juge de paix pour enquêter sur les déclarations et les documents soumis par le sollicitant ou la sollicitante, précise le MJSP dans un communiqué daté du 1er octobre dernier.
<br /><br />
Tout certificat de bonne vie et mœurs devra être inscrit dans un registre à ce destiné, selon le ministère de la justice qui appelle à la stricte application de ces mesures.
<br /><br />Radio Vision 2000 ","salaire, justice",2009-10-15 07:12:46.0,"Jean Michel"
64,"Haïti/BID/Espagne : 39 millions de dollars pour améliorer les services d’alimentation d’eau et d’assainissement","Haïti s’apprête à recevoir sous formes de dons et de prêts une somme de 39 millions de dollars américains de la Banque interaméricaine de développement (BID) et de l’Espagne pour financer des projets d’amélioration des services d’approvisionnement en eau potable dans plusieurs de ses régions, annonce la BID dans un communiqué.
<br /><br />
Une partie de ce montant, soit 20 millions de dollars, est un don du Fonds espagnol à Haïti. Le reste, 19 millions de dollars, sera octroyé par la BID dans le cadre de ces projets.
<br /><br />
14, 2 millions de dollars, de cette enveloppe, seront consacrés à l’extension de la couverture en eau potable. 17 millions seront utilisés pour mettre en place des services d’assainissement individuels et collectifs, développer les systèmes d’enlèvement, de transport et d’évacuation des ordures ménagères.
<br /><br />
Ces 17 millions seront également utilisés pour améliorer l’entretien des systèmes de drainage pluvial, appuyer des programmes d’hygiène publique et établir des normes relatives à la gestion des eaux usées.
<br /><br />
Environ 150 mille personnes doivent bénéficient de ces projets qui seront exécutés dans les communes de Saint-Marc (périphérie nord), Port-de-Paix (nord-ouest), Les Cayes (sud), Jacmel (sud-est), Ouanaminthe (nord-est) et Cap-Haïtien (nord).
<br /><br />
« Les services d’eau et d’assainissement d’Haïti sont parmi les plus défectueux de l’hémisphère. Le pays ne dispose pas de réseau d’assainissement et, d’après le recensement de 2003, seuls 8,5 % des ménages sont connectés à un système d’alimentation en eau potable », précise ce communiqué daté du 16 octobre 2009.
<br /><br />
Par ailleurs, une partie des fonds servira à renforcer les capacités institutionnelles et techniques de la Direction nationale d’eau potable et d’assainissement (DINEPA) et à organiser une campagne d’éradication des vers parasites liés au mauvais état des services d’eau et d’assainissement.
<br /><br />
Cette campagne, selon la BID, mettra un accent particulier sur le traitement des enfants âgés de 1 à 12 ans.
<br /><br />
Parallèlement, la BID et l’Espagne s’engagent à donner 100 millions de dollars sous forme de prêts et dons à la Bolivie pour cofinancer un projet devant s’attaquer aux problèmes d’eau et d’assainissement auxquels sont confrontées les populations les plus pauvres de ce pays d’Amérique latine.
<br /><br />
Il s’agit des premiers projets conjointement financés par la BID et le Fonds de coopération espagnol pour l’alimentation en eau et l’assainissement en Amérique latine et aux Caraïbes.
<br /><br />
Le financement de ces projets fait suite à des engagements pris, l’année dernière, par le premier ministre espagnol José Luis Rodríguez Zapatero.
<br /><br />
En plus d’Haïti et de la Bolivie, la BID et l’Espagne envisagent de cofinancer des projets au Brésil, au Costa Rica, en Équateur, au Guatemala, au Honduras, au Paraguay, au Pérou, en République dominicaine, au Salvador et en Uruguay, d’ici mi-2010.
<br /><br />Radio Vision 2000","BID, Espagne, alimentation",2009-10-19 07:26:10.0,"Jean Bouco"
65,"Interpellation prochaine du ministre des finances   ","Plusieurs sénateurs envisagent de formuler une demande d'interpellation de plusieurs membres du gouvernement. Le sénateur Anacacis Jean Hector (Lespwa) argue que cette démarche s'avère indispensable en raison du laxisme des autorités gouvernementales.
<br /><br />
Le ministre des finances, Daniel Dorsainvil, est toujours dans le collimateur des sénateurs de Lespwa, jusqu'à présent insatisfaits de la politique économique du gouvernement. Anacacis Jean Hector veut réactiver la demande d'interpellation mise en veilleuse par l'ancien bureau.
<br /><br />
Il déplore la propension du grand argentier à thésauriser au maximum alors que les ressources devraient être utilisées pour améliorer les conditions de vies de la population. "" Le ministre se comporte comme un comptable parce qu'il veut avoir des montants énormes dans les caisses "", se plaint le sénateur Jean Hector faisant référence au maintien de 300 000 dollars dans les réserves de la BRH.
<br /><br />
Le sénateur de Lespwa croit que la censure de certains ministres permettra au chef de l'Etat de réaliser les changements nécessaires dans l'administration publique. Même si Lespwa est en première ligne de ce mouvement, le sénateur Anacacis assure que les parlementaires du parti au pouvoir veulent tenir compte des revendications de l'opposition. "" Les dirigeants des partis de l'opposition ont affiché leur désapprobation vis-à-vis de l'action de Michèle Pierre Louis"", martèle le sénateur Jean Hector qui n'écarte pas la possibilité d'interpeller la Première Ministre.
<br /><br />
Radio Métropole","Dorsainvil, interpellation",2009-10-19 11:24:18.0,"Jean Bouco"
66,"Kouchner salue l’arrivée de Bellerive et annonce un ""important contrat"" avec Haïti","Le ministre français des affaires étrangères et européennes, Bernard Kouchner, a adressé lundi ses félicitations au nouveau Premier ministre haïtien, Jean-Max Bellerive, et en a profité pour annoncer des négociations en vue de la conclusion d’un ""important contrat de désendettement et de développement"" en faveur du pays.
<br /><br />
Selon le texte d’un message lu lundi par le porte-parole du Quai d’Orsay, Bernard Valéro, cet accord s’inscrira dans le cadre d’un nouveau partenariat engagé entre Port-au-Prince et Paris.
<br /><br />
""A l’occasion de votre prise de fonctions, je vous adresse mes plus chaleureuses félicitations ainsi que tous mes vœux de réussite dans l’accomplissement de votre mission"", a déclaré M. Kouchner au Premier ministre avec qui, dit-il, la France entend ""poursuivre le travail entrepris avec le précédent gouvernement"".
<br /><br />
Le chef de la diplomatie française indique avoir ""suivi avec beaucoup d’intérêt"" les débats auxquels avait donné lieu au Parlement le processus de ratification de Jean-Max Bellerive, successeur depuis le 11 octobre de Michèle Pierre-Louis destituée par le Sénat, quelques jours plus tôt.
<br /><br />
""Comme je l’ai rappelé lors de ma récente visite en Haïti, le 18 septembre dernier, la France marque sa disponibilité à approfondir encore la coopération existante entre nos deux pays"", a ajouté Kouchner tout en faisant état de progrès réalisés en Haïti dans le domaine de la stabilisation et de la consolidation des institutions et dans la lutte contre l’insécurité. Il a enfin réaffirmé la volonté de Paris de ""demeurer un partenaire de premier plan d’Haïti sur la voie des réformes et du développement"".
<br /><br />
Lors de sa récente visite à Port-au-Prince, le ministre Bernard Kouchner avait mis en relief l’importance de la coopération bilatérale et promis son renforcement dans plusieurs secteurs.
<br /><br />Radio Kiskeya","kouchner, bellerive,haiti,contrat",2009-11-17 05:24:26.0,"Jean Michel"
67,"Haïti/Elections : Environ 25 millions de dollars pour financer les prochaines législatives","Un accord de 25 millions de dollars américains a été signé, ce 16 novembre 2009, entre le gouvernement haïtien, le Conseil électoral provisoire (CEP) et le Programme des Nations Unies pour le développement (PNUD) en vue de la réalisation des prochaines élections législatives dans le pays, avons-nous constaté.
<br /><br />
La signature de cet accord s’est déroulée à la Primature (siège du gouvernement) en présence de quelques membres du CEP et des représentants de la communauté internationale, dont la nouvelle coordinatrice résidente du PNUD, la canadienne Kim Bolduc, qui remplace le français Joël Boutroue, à ce poste.
<br /><br />
Le premier ministre Jean Max Bellerive, qui détient également le portefeuille du ministère de la planification, précise que « cet accord va permettre le financement des élections pour un montant global de 25 millions de dollars environ, dont 7 millions seront fournis par le trésor public haïtien ».
<br /><br />
Les fonds alloués à l’organisation du prochain scrutin seront gérés par le Programme des Nations Unies pour le développement, selon Gaillot Dorsainvil, président de l’institution électorale.
<br /><br />
M. Dorsainvil a tenu à signaler que la contribution haïtienne, de l’ordre de 300 millions de gourdes (7 millions de dollars américains), est déjà disponible.
<br /><br />
Ce montant sera utilisé pour réaliser les deux tours des prochaines élections législatives, précise Gaillot Dorsainvil.
<br /><br />
Dans 9 des 10 départements géographiques du pays, le premier tour de ce scrutin aura lieu le 28 février 2010 ; tandis que les électeurs du département du Centre doivent attendre la date du 3 mars [2010] pour remplir leur devoir civique.
<br /><br />
« Nous ferons l’effort nécessaire pour respecter l’échéance du 28 février », rassure Gaillot Dorsainvil qui appelle les partis et regroupements politiques à se faire enregistrer au niveau du CEP.
<br /><br />
La période d’enregistrement des formations politiques se déroule du 16 au 20 novembre en cours, selon le calendrier électoral soumis par le CEP.
<br /><br />Radio Vision 2000","don, Elections",2009-11-17 05:27:57.0,"Jean Bouco"
68,"Accord de financement des prochaines législatives par la communauté internationale et le gouvernement haïtien : 25 millions de dollars, via le PNUD","Le Premier ministre Jean-Max Bellerive, également ministre de la Planification et de la Coopération externe, le président du Conseil Electoral Provisoire (CEP), Gaillot Dorsainvil et la représentante résidente du Programme des Nations-Unies pour le Développement (PNUD), Mme Kim Bolduc, ont conjointement signé lundi à la Primature un accord de financement des élections législatives de février et mars 2010 dans le pays.
<br /><br />
Cet accord, d’un montant de vingt cinq millions de dollars américains auquel le gouvernement haïtien contribue à hauteur de sept millions de dollars tirés du Trésor public, concerne la réalisation des élections pour le renouvellement de la Chambre des députés, du deuxième tiers du Sénat ainsi que la reprise des sénatoriales partielles annulées dans le département du Centre, suite aux violences enregistrées le jour du scrutin, le 19 avril 2009.
<br /><br />
La cérémonie de signature d’accord a été l’occasion pour le Premier ministre Bellerive de saluer la nomination, par le secrétaire général de l’Onu, de Mme Kim Bolduc comme sa représentante spéciale adjointe auprès de la Mission des Nations-Unies pour la Stabilisation d’Haïti (MINUSTAH) et représentante résidente du Programme des Nations-Unies pour le Développement (PNUD).
<br /><br />
Avec la signature de l’accord de financement, une importante étape a été franchie vers l’organisation des élections, a déclaré le président du CEP, Gaillot Dorsainvil. Il assure que l’organisme électoral fera de son mieux afin de respecter le calendrier électoral dont il juge normales les différentes étapes en raison du délai relativement court pour la tenue du scrutin.
<br /><br />
Radio Kiskeya","Elections, accord, financement,PNUD",2009-11-17 05:33:03.0,"Jean Michel"
69,"Haïti rejoint les pays signataires des Accords de partenariat économique avec l’Union européenne","Le gouvernement haïtien a signé, ce 10 décembre 2009, le document des Accords de partenariat économique (APE) liant les Etats de l’Afrique, Caraïbe, Pacifique (ACP) à l’Union européenne.
<br /><br />
La signature de cet accord s’est déroulée à la chancellerie haïtienne entre la cheffe de la diplomatie haïtienne, Marie Michèle Rey, et le chef de la délégation européenne, Francesco Gosetti.
<br /><br />
Marie Michèle Rey a tenu à préciser que cet accord constitue de nouveaux fondements des relations économiques et commerciales entre les pays membres de l’ACP et ceux de l’Union européenne.
<br /><br />
« Cet accord, une fois ratifié, permettra aux produits d’exportation haïtien d’avoir un libre accès aux grands marchés européens sans limitation de quota et de tarifs douaniers », a indiqué la ministre d’Haïti des affaires étrangères.
<br /><br />
L’Accord de partenariat économique met en place une relation entre les pays des Caraïbes et l’Union européenne pour établir, dans une échéance de 25 ans, une zone de libre-échange économique.
<br /><br />
« Cela présuppose que dès la signature de l’accord le marché européen est ouvert à l’exportation des produits venant d’Haïti sans aucune limitation de quota et sans payer les droits de douane à l’entrée », a affirmé Francesco Gosetti.
<br /><br />
L’accord prévoit aussi une dimension très importante pour les services, pour le transfert des connaissances et des compétences, poursuit le représentant de l’Union européenne en Haïti.
<br /><br />
« C’est véritablement une grande chance pour Haïti et pour les pays de la région », a indiqué Francesco Gosetti tout en précisant que les APE offrent de nombreux avantages aux pays signataires.
<br /><br />
L’agriculture haïtienne, selon le chef de la délégation européenne, a besoin de croître, d’être protégée par rapport à la compétitivité mondiale, car elle ne peut pas aller du jour au lendemain dans la compétitivité.
<br /><br />
Interrogé sur les positions affichées par des mouvements sociaux contre cet accord, Francesco Gosetti dit avoir travaillé avec les autorités en vue de tenir compte des préoccupations de ces organismes qui s’étaient regroupés autour d’une coalition nationale dénommée « Bare APE » (Halte aux APE).
<br /><br />
Le gouvernement a pris la décision d’inscrire dans cet accord les revendications de ces mouvements sociaux tout en prévoyant un ensemble de conditions différentes de celles qui étaient prévues au départ dans l’objectif d’améliorer la protection de certains secteurs, selon le représentant de l’Union européenne.
<br /><br />
Francesco Gosetti en a profité pour annoncer la tenue, ce vendredi, en République dominicaine, d’une réunion entre les ordonnateurs nationaux haïtien et dominicain autour de cet accord.
<br /><br />
Pa cette rencontre, les organisateurs cherchent surtout à élaborer « un programme commun aux deux pays pour améliorer l’utilisation de l’accord, pour améliorer les conditions de transfert des marchandises, les conditions de la gestion, les conditions de vie des personnes », selon le chef de la délégation européenne qui assistera à la rencontre du 11 décembre par vidéo conférence.
<br /><br />
« Il y a environ 200 millions d’euros qui sont à la disposition de l’intégration régionale et de l’accompagnement de l’accord de partenariat économique », informe M. Gosetti.
<br /><br />
La signature du document des APE est assortie d’une déclaration formelle fixant la position d’Haïti par rapport à certains aspects de l’Accord et les conditions de son acceptation, selon un communiqué du ministère des Affaires étrangères.
<br /><br />","accords partenariat, UE",2009-12-11 05:56:33.0,"Jean Michel"
70,"La BID lance un concours pour la sélection de plans d’affaires pour des projets touristiques aux Caraïbes","La Banque interaméricaine de développement (BID) annonce l’organisation d’un concours de sélection des plans d’affaires pour des projets touristiques aux Caraïbes dont la chaîne de valeurs fait intervenir les communautés à faibles revenus.
<br /><br />
Lancé par l’Initiative Opportunités pour la majorité de la BID, ce concours est ouvert aux entreprises établies aux Bahamas, à la Barbade, au Guyana, en Haïti, en Jamaïque, au Surinam et à Trinité-et-Tobago.
<br /><br />
« Les plans d’affaires admissibles doivent intégrer les communautés à faibles revenus comme fournisseurs ou distributeurs de biens ou de services, de sorte que les entreprises et les résidents locaux bénéficient de l’élaboration de projets touristiques », précise un communiqué de la BID.
<br /><br />
Les propositions seront jugées sur des critères tels que les innovations, l’impact économique, social et environnemental sur les communautés où seront réalisées des projets, le potentiel de croissance, la solvabilité, la capacité de mise en œuvre et la possibilité de les reproduire ailleurs.
<br /><br />
Les participants à ce concours devront soumettre, avant le 9 avril 2010, un résumé de trois pages de leur projet et une présentation générale de leur entreprise sur une page.
<br /><br />
Les propositions gagnantes bénéficieront de services de consultants de $25 000 auprès de cabinets de renommée internationale spécialisés dans le développement du tourisme afin de préparer des plans d’affaires leur permettant de pouvoir accéder à des financements.
<br /><br />
Opportunités pour la majorité est une initiative spéciale de la BID qui favorise et finance des modèles économiques inspirés du secteur privé, destinés à fournir des produits et des services de qualité, à créer des emplois et à permettre aux communautés à faibles revenus de rejoindre l’économie officielle en Amérique latine et aux Caraïbes.
<br /><br />
Radio Vision 2000","BID, concours, projets, tourisme, caraïbes",2009-12-11 06:08:36.0,"Jean Michel"
71,"La Commission européenne décide d’allouer 30 millions d’EUR pour amortir l’impact de la crise économique en Haïti","La Commission européenne a approuvé les premières décisions de financement en faveur d’onze pays d’Afrique et de deux pays des Caraïbes, dont Haïti, pour 230 millions d’EUR au total, dont 215 millions au titre du «mécanisme FLEX relatif à la vulnérabilité (V­FLEX)».
<br /><br />
Il s’agit de la première série de décisions de financement dans le cadre du mécanisme V­FLEX, doté de 500 millions d’EUR, qui a été adoptée en août 2009 en réponse à la crise économique pour les pays d’Afrique, des Caraïbes et du Pacifique (ACP). Au total, Haïti qui avait bénéficié plus tôt dans l’année de plus de 35 millions d’EUR dans le cadre du FLEX et du FED aura donc été soutenu à hauteur de plus de 65 millions d’EUR en 2009.
<br /><br />
Karel De Gucht, commissaire chargé du développement et de l’aide humanitaire, a déclaré: «Les pays en développement ont été durement touchés par la crise en raison de leur vulnérabilité aux chocs extérieurs. C’est ainsi que les autorités de nombreux pays ACP ont été confrontées à des déficits de financement. Le mécanisme FLEX relatif à la vulnérabilité représente l’instrument de réponse rapide de l’Union européenne, qui vise à aider les pays concernés à maintenir leurs dépenses dans les domaines prioritaires, contribuant par là même à la réduction des coûts sociaux de cette crise dans les pays les plus sévèrement touchés».
<br /><br />
Le mécanisme V­FLEX est un instrument à court terme destiné à aider les pays ACP les plus vulnérables à faire face à l’impact de la crise économique et financière mondiale et à en atténuer les conséquences sociales. Les premiers pays à bénéficier de cet instrument, à leur demande, sont le Bénin, le Burundi, la République centrafricaine, les Comores, le Ghana, Grenade, la Guinée­Bissau, Haïti, le Malawi, Maurice, les Seychelles, la Sierra Leone et la Zambie. Le montant alloué à Haïti, correspondant à 1.9 milliard de gourdes, est le plus important par tête d’habitant parmi les 11 pays ACP bénéficiant de ce nouvel apport.
<br /><br />
Pour cette première tranche, toutes les sommes sont versées sous la forme d’appui budgétaire, ce qui permettra aux pays partenaires de maintenir leur niveau de dépenses publiques dans les domaines prioritaires, notamment dans les secteurs sociaux, sans mettre en danger la stabilité macroéconomique. Ces fonds, qui devraient pour la plupart être octroyés avant la fin de cette année, seront complétés par de nouveaux versements en 2010.
<br /><br />
Cet instrument de réponse à la vulnérabilité fonctionne de manière préventive, c’est­à­dire lorsque les indicateurs laissent entrevoir une baisse des rentrées fiscales, ainsi que sur la base d’autres critères de mesure de la vulnérabilité, contribuant ainsi à atténuer l’impact de la crise, au lieu d’intervenir une fois que le mal a été fait. Il octroie à bref délai des subventions ciblées et s’inscrit en complément de l’aide qu’accordent sous la forme de prêts la Banque mondiale, le Fonds monétaire international et d’autres banques de développement régionales qui ont participé à sa conception.
<br /><br />
Le mécanisme V­FLEX fournit une aide à la demande, qui cible les pays très vulnérables sur les plans économique, social et politique, qui ont élaboré des stratégies adéquates pour lutter contre la crise, présentent des capacités d’absorption suffisantes, ainsi qu’un déficit de financement dans leur budget, lorsque l’aide de l’Union européenne peut faire la différence en comblant ce déficit, ou du moins en le réduisant de manière significative.
<br /><br />
Le mécanisme FLEX relatif à la vulnérabilité, de 500 millions d’EUR, s’ajoute à la Facilité alimentaire, dotée pour sa part d’un milliard d’EUR et adoptée le 30 mars 2009, ainsi qu’à la somme de 200 millions d’EUR allouée en 2008 dans le cadre du FED afin d’aider les pays en développement à faire face à la flambée des prix alimentaires. En créant ces mécanismes ciblés, l’UE a été la première à prendre des mesures conformément aux engagements du sommet du G 20 qui s’est tenu à Londres en avril, à savoir œuvrer à une reprise durable et équilibrée.
<br /><br />
Radio Vision 2000","UE, impact crise économique",2009-12-16 10:20:48.0,"Jean Michel"
72,"L’Union européenne annonce 230 millions d’euros pour soutenir une dizaine de pays africains et caribéens, dont Haïti","La commission européenne a annoncé, ce 15 décembre, une aide de 230 millions d’euros pour amortir l’impact de la crise économique dans 13 pays africains et dans les Caraïbes.
<br /><br />
Ce financement s’inscrit dans le cadre de l’instrument “Vulnérabilité mécanisme FLEX ” (V-Flex) mis en place par l’Union européenne dans l’objectif d’amortir l’impact de la crise économique dans les pays bénéficiaires, selon un communiqué de la commission.
<br /><br />
Haïti figure parmi les premiers pays à bénéficier de ce mécanisme aux côtés d’autres nations comme la Zambie, le Ghana, la République Centrafricaine, la Guinée-Bissau, entre autres.
<br /><br />
Le Ghana recevra à lui seul 35 millions d’euros. Haïti et la Zambie pourront bénéficier chacun 30 millions d’euros. Le Bénin et le Malawi recevront respectivement 26.4 et 25 millions.
<br /><br />
Ce montant, poursuit le communiqué, vient en complément de la Facilité alimentaire de 1 milliard d’euros adoptée en Mars dernier et de l’allocation de 200 millions d’euros pour aider les pays en développement à faire face aux prix élevés des aliments.
<br /><br />
« Les pays en développement ont été durement touchés par la crise en raison de leur incapacité à résister aux chocs extérieurs », estime Karel De Gucht, commissaire européen au développement et à l’aide humanitaire.
<br /><br />
« Cela a laissé des lacunes de financement dans les budgets de nombreux gouvernements des pays ACP », ajoute le haut fonctionnaire européen.
<br /><br />
La plupart de ces fonds devraient être versés avant la fin de l’année 2009, précise la Commission européenne tout en informant que des allocations supplémentaires suivront en 2010.
<br /><br />
Vulnérabilité mécanisme Flex (V-Flex) est un instrument d’intervention rapide de l’Union Européenne créé à court terme pour aider, à leur demande les pays ACP les plus vulnérables, à faire face à l’impact de la crise financière et économique mondiale et à atténuer ses conséquences sociales.
<br /><br />
Le 10 décembre dernier, Haïti a paraphé le document des Accords de partenariat économique (APE) liant les pays d’Afrique, Caraïbe, Pacifique (ACP) à l’Union européenne.
<br /><br />
Radio Vision 2000","UE",2009-12-16 10:23:59.0,"Jean Michel"
73,"Haïti/Economie : La BID veut renforcer le secteur industriel","Le président de la Banque interaméricaine de développement (BID), Luis Alberto Moreno, a entamé vendredi une visite de quatre jours à Port-au-Prince dans l’objectif de contribuer au renforcement du secteur industriel haïtien.
<br /><br />
Quelques minutes après son arrivée à l’Aéroport international Toussaint Louverture, Luis Alberto Moreno s’est rendu à la Société nationale des parcs industriels (SONAPI) où il a paraphé un accord d’assistance technique avec les responsables de l’Association des industries d’Haïti (ADIH).
<br /><br />
Cet accord de 1 million de dollars devra aider au renforcement des capacités des industries d’assemblages haïtiennes concernées par la loi Hope II autorisant l’entrée sans droit de douane aux Etats-Unis de vêtements fabriqués en Haïti.
<br /><br />
Le président de la BID a également annoncé la création d’un fonds d’appui au secteur industriel haïtien.
<br /><br />
M. Moreno a aussi participé à la pose de la première pierre de 7 nouveaux bâtiments au niveau de la SONAPI, sur la route de l’aéroport, pour un montant total de 3.5 millions de dollars.
<br /><br />
La BID promet par ailleurs 2 millions de dollars pour attirer les investisseurs et permettre à des entreprises haïtiennes d’accéder au marché international.
<br /><br />
Durant son séjour, le président de la BID doit s’entretenir avec le chef de l’Etat haïtien, René Préval, ainsi qu’avec des représentants du secteur des affaires en Haïti. Luis Alberto Moreno aura également à visiter des projets financés par la BID en Haïti.
<br /><br />Radio Vision 2000","BID, secteur industriel",2009-12-21 05:38:48.0,"Jean Bouco"
