idActualite,titreActualite,contenuActualite,motsCles,datePublication,auteur
30,Des milliers de manifestants a Paris pour la 5e journee de mobilisation unitaire,"Plusieurs milliers de personnes defilaient samedi apres-midi à Paris dans le cadre de la cinquieme journee de mobilisation unitaire depuis le 29 janvier, mobilisation qui cette fois-ci ""est incontestablement en dessous de ce qu'on aurait souhaite"" a reconnu le secretaire general de la CGT Bernard Thibault. Ils etaient 9.000 selon la police, 30.000 selon les syndicats.<br />

Malgre des tensions, les syndicats veulent rester unis<br /><br />Entre colere et resignation
<br /><br />Manifestation ce samedi à Toulouse : moins mais peut-etre mieux<br /><br />Partis vers 15h de la place de la Bastille, les manifestants doivent se rendre jusqu'à la gare Montparnasse où la dispersion est attendue en debut de soiree.

""Ensemble face à la crise, defendons l'emploi, le pouvoir d'achat et les services publics. Arret des suppressions d'emplois. Augmentation des salaires et des retraites"", peut-on lire sur la banderole en tete du cortege qui semble moins imposant que lors du 1er mai dernier.

""La participation est incontestablement en dessous de ce qu'on aurait souhaite"", a reconnu Bernard Thibault, present en tete du defile aux c0tes des secretaires generaux et presidents des huit syndicats à l'origine de cette nouvelle journee de mobilisation pour exiger du gouvernement et du patronat un changement de politique economique et sociale face à la crise","mobilisation,paris,5e journee",6/13/2009,Jean Michel
33,Dep0t du budget 2009-2010 : le ministre des finances est attendu ce mardi au parlement,"Le ministre de l'economie et des finances, Daniel Dorsainvil, procedera ce mardi 30 juin 2009 au dep0t du projet de budget de l'exercice fiscal 2009/2010, a annonce le president du senat de la republique.<br /><br />

Kelly C Bastien n'etait toutefois pas en mesure d'opiner sur la conception et l'orientation du budget, le texte n'ayant pas encore ete mis en circulation au Parlement. .<br /><br />

Selon le president du senat le gouvernement est contraint de respecter ses engagements notamment avec le dep0t du budget 2009-2010 avant l'echeance du 30 juin.<br /><br />

Par ailleurs le president de l'assemblee nationale, a fait remarquer que des mesures devront etre adoptees par les autorites gouvernementales en vue de l'amelioration des conditions de vie de la population pour eviter a-t-il dit, que la presente situation dejà fragile ne devienne irreversible. .<br /><br />

La constitution de 1987 fait obligation au gouvernement de faire le dep0t du budget au parlement ,trois mois avant l'ouverture de la nouvelle annee fiscale .<br /><br />

Rappelons que La loi de finance 2008/2009 a ete votee avec un retard de 8 mois, alors que plus de 50% du budget de 80 milliards de gourdes avait dejà ete depense.<br /><br />

Plus de la moitie du budget de la Republique est financee par la communaute internationale. .<br /><br />

Radio metropole","budget 2009/2010, loi de finance",6/30/2009,Jean Bouco
34,"La dette d’Haiti allegee de 1,2 milliard de dollars","La Banque mondiale (BM) a annonce mardi la conclusion d’un accord prevoyant l’allelegement de la dette externe d’Haiti à hauteur de 1,2 milliard de dollars environ.
<br /><br />
Soulignant qu’il s’agit du 26e pays à acceder à ce stade, l’institution multilaterale precise que 265 millions de dollars sont issus de l’initiative renforcee en faveur des pays pauvres tres endettes (PPTE). Soumise à de nombreuses exigences, Haiti a finalement atteint le point d’achevement de ce programme lance en 1996 par la BM et le FMI en vue d’encadrer l’effort d’effacement de la dette des pays les plus sous-developpes.
<br /><br />
Les 973 millions de dollars restants proviendront de l’initiative d’allegement de la dette multilaterale (IADM) lancee en 2005.
<br /><br />
""Haiti a engage des reformes ayant pour objectif d’etablir un environnement macroeconomique plus stable et de mettre en oeuvre sa strategie nationale de reduction de la pauvrete"", affirme la Banque mondiale. Le pays a, d’autre part, ""renforce son administration fiscale et ses douanes et ameliore sa gestion et sa publication de la dette"", note le communique.
<br /><br />
Enfin, la reduction de la dette haitienne s’accompagnait de conditions sociales, le pays s’etant engage à maintenir un budget consequent pour l’education et la sante, avec entre autres ""un mecanisme de financement qui permettra à plus de 50.000 enfants supplementaires d’aller à l’ecole"", des mesures de prevention contre le sida et la rougeole, et l’extension de la vaccination diphterie-tetanos-poliomyelite.
<br /><br />
La Banque mondiale n’a pas precise quelle part de la dette du pays representaient ces 1,2 milliard de dollars. Elle a cependant indique que la dette publique representait au 30 septembre 36% du produit interieur brut, et la dette exterieur 28% du PIB.
<br /><br />
En s’appuyant sur l’estimation du PIB haitien faite par le FMI, la reduction de la dette concerne environ 74% de la dette exterieure.
<br /><br />
Les creanciers internationaux d’Haiti sont la Banque de developpement interamericaine (41% du total), la Banque mondiale (27%) et divers pays (24%).
<br /><br />
Le ministre des Finances, Daniel Dorsainvil, cite dans le communique, s’est felicite de cet accord qui aidera le pays ""à investir dans des programmes de croissance et de reduction de la pauvrete"".
<br /><br />
Confrontee à une situation d’extreme pauvrete dûe en grande partie à la corruption et au pillage systematique du tresor public par differents regimes qui se sont succedes au pouvoir, Haiti avait subi en 2008 le passage devastateur de quatre ouragans et tempetes tropicales. Plus de 800 personnes avaient peri et les degâts materiels et economiques enregistres avaient depasse 1 milliard de dollars. 
<br /><br />spp/Radio Kiskeya","dette, allegement, haiti",7/1/2009,Jean Michel
35,Le ministre des finances fait le dep0t du budget a la chambre basse,"En faisant le dep0t de la loi de finance 2009 – 2010 à la chambre basse hier, le ministre des finances Daniel Dorsainvil, a tenu ses promesses de respecter les prescrits de la constitution en la matiere.
<br /><br />

L'enveloppe budgetaire de 88,9 milliards de gourdes est legerement en hausse par rapport à la loi de finance 2008- 2009 votee au debut du mois. "" Nous avions consentis des efforts pour respecter notre engagement"", a fait valoir M. Dorsainvil annonçant le debut des echanges entre l'executif et le legislatif dans le cadre du processus d'analyse de la loi de finance.

Le budget d'investissement est de 55.5 milliards et celui de depenses est de 32.6 milliards de gourdes. L'apport interne au budget d'investissement est de seulement 8 milliards de gourdes.
<br /><br />

Le ministre Dorsainvil revele que l'appui budgetaire de la communaute internationale est de 3.2 milliards de gourdes qui s'inscrivent dans une enveloppe globale de 50.6 milliards de gourdes d'apport externe au budget.
<br /><br />

Il a soutenu que la securite publique, la production nationale et les infrastructures demeurent les principales priorites du gouvernement.
<br /><br />

Senateurs et deputes devront analyser et voter la loi de finance au cours des trois prochains mois.
<br /><br />

Radio Metropole","depot, projet de budget 2009-2010, dorsainvil",7/2/2009,Jean Michel
36,La chambre basse se penche sur le projet de loi de finances 2009-2010,"La commission de finances de la chambre basse commence à analyser le projet de loi de finances 2009-2010 qui a ete depose au parlement cette semaine par Le ministre de l'Economie et des Finances, Daniel Dorsainvil.
<br /><br />
Le projet de budget pour la prochaine annee fiscale s'eleve à 88,9 milliards de gourdes. Le president de la commission de finances le depute Jean Marcel Lumerant qui opinait sur la conception et l'orientation du projet de budget a indique que 85 milliards de gourdes seront mis à la disposition du pouvoir executif dont 30 milliards pour le budget de fonctionnement et 55 milliards pour le budget d'investissement.
<br /><br />
Dans ce document Le pouvoir legislatif dispose de 575 milliards de gourdes alors que le pouvoir judicaire doit se contenter de 879.960 mille gourdes.
<br /><br />
Le depute Lumerant, president de la commission promet une etude minutieuse du document avant de pourvoir rendre son rapport à l'assemblee des deputes.
<br /><br />
C'est pour la premiere fois, depuis plusieurs annees, que l'executif respecte l'echeance constitutionnelle qui veut que le projet de budget soit depose au Parlement à la fin du mois de juin. .
<br /><br />
http://www.metropolehaiti.com","loi de finances, chambre basse, senat",7/2/2009,Jean Michel
37,"Le FMI accorde 24,5 millions de dollars a Haiti","Le Fonds monetaire international a decide d’etendre vendredi son programme de pret à Haiti en lui accordant une enveloppe de 24,5 millions de dollars, selon un communique rendu public à Washington.
<br /><br />
""Les autorites haitiennes font face à des defis difficiles. La crise mondiale affecte actuellement Haiti principalement concernant la faiblesse des recettes fiscales"", a indique le FMI.
<br /><br />
Rappelant avoir dejà debloque des fonds en faveur du pays il y a deux mois, l’institution financiere internationale precise qu’elle avait approuve ce programme d’aide en novembre 2006 avant de porter les fonds disponibles à 177 millions de dollars. Une initiative qui est intervenue au milieu d’une recession economique mondiale et apres les pertes enormes qu’avait entraînees le passage en Haiti de quatre ouragans et tempetes tropicales en septembre et octobre 2008.
<br /><br />
Radio Kiskeya","fmi, dollars, haiti",7/7/2009,Jean Michel
38,Les creanciers du Club de Paris annulent la dette d'Haiti,"Le Club de Paris, groupe informel de creanciers publics, a annule la totalite de la dette d'Haiti, soit 214,73 millions de dollars. Dans un communique publie ce mercredi les membres du Club de Paris ont mis en evidence leur ""determination"" à reduire la pauvrete"".
<br /><br />
""Afin de contribuer à restaurer la soutenabilite de la dette de la Republique d'Haiti, les creanciers du Club de Paris ont decide d'annuler 62,73 millions de dollars"" au titre du dispositif des pays pauvres tres endettes (PPTE), est-il indique. Haiti a rejoint le 30 juin la liste des PPTE, lui donnant droit à un effacement de dette reserve aux pays les plus demunis, selon le communique.
<br /><br />
Les creanciers du Club de Paris ""se sont egalement engages à titre bilateral"" à annuler 152 millions de dollars supplementaires, precise le communique, appelant les autorites haitiennes à favoriser ""une croissance economique soutenue et durable"".
<br /><br />
Parmi les membres du Club de Paris, l'Allemagne, la Belgique, le Canada, le Danemark, l'Espagne, les Etats-Unis, la France, l'Italie, les Pays-Bas et le Royaume-Uni ont participe à l'annulation de la dette d'Haiti. La dette exterieure publique totale de la Republique d'Haiti etait d'environ 1,8 milliard de dollars en valeur nominale fin septembre 2008.
<br /><br />
Radio Metropole","clud de paris, annulation, dette",7/10/2009,Bernard
39,"Annulation de la dette d’Haiti vis-a-vis de ses creanciers du Club de Paris, soit 214,73 millions de dollars","Les pays creanciers d’Haiti membres du Club de Paris ont convenu mercredi d’annuler, en deux etapes, la totalite de la dette d’Haiti vis-à-vis d’eux d’un montant de 214,73 millions de dollars.
<br /><br />
Le Club decide d’annuler 62,73 millions de dollars au titre du dispositif des Pays pauvres tres endettes (PPTE).
<br /><br />
Les creanciers du Club de Paris se sont engages à annuler, à titre bilateral, 152 millions de dollars supplementaires de dette d’Haiti. Ce qui devrait conduire à l’annulation totale de la dette d’Haiti vis-à-vis d’eux.
<br /><br />
« Cette decision a ete prise suite à l’achevement par Hait, le 30 juin dernier, de l’initiative renforcee en faveur des Pays pauvres tres endettes (PPTE) », informe un communique du Club publie mercredi.
<br /><br />
La Republique d’Haiti s’est engagee à utiliser les ressources additionnelles provenant de l’annulation de sa dette pour atteindre les objectifs prioritaires identifies dans son document de strategie de reduction de la pauvrete, informe le Club de Paris.
<br /><br />
La dette externe publique d’Haiti s’elevait à 1,8 milliard de dollars en valeur nominale fin septembre 2008, selon le Club de Paris.
<br /><br />
Radio kiskeya","annulation, dette, haiti",7/10/2009,Jean Bouco
40,"L’OEA se rejouit de l’annulation d’environ 2/3 de la dette d’Haiti vis-a-vis de la Banque Mondiale, du FMI et de la BID","Le secretaire general adjoint de l’Organisation des Etats Americains, l’ambassadeur Albert Ramdin, s’est felicite jeudi, au cours d’une rencontre avec le groupe des pays amis d’Haiti au sein de l’organisation, de la decision conjointe de la Banque Mondiale, du Fond Monetaire International et de la Banque Interamericaine de Developpement d’annuler environ deux tiers de la dette d’Haiti vis-à-vis d’eux.
<br /><br />
Le montant de la dette annulee par les 3 institutions financieres internationales s’eleve à 1.2 billion de dollars.
<br /><br />
« L’annulation de la dette representera certainement un apport substantiel au budget d’Haiti », a declare Ramdin apres avoir presente un rapport detaille de la situation d’Haiti sur les plans economique, politique et social.
<br /><br />
Le representant permanent d’Haiti à l’OEA, l’ambassadeur Duly Brutus, a mis l’accent sur l’importance de la decision prise par les 3 institutions multilaterales la qualifiant de « nouvelle incroyable pour le pays ».
<br /><br />
Soulignant le calme regnant en Haiti apres le second tour des elections, Albert Ramdin a toutefois deplore le faible taux de participation à ce scrutin. Il s’est enfin felicite du support apporte par le groupe des amis d’Haiti au sein de l’OEA au renforcement du systeme electoral haitien et à l’effort general en faveur de la stabilisation du pays dans le cadre de la Mission onusienne.
<br /><br />
Les creanciers d’Haiti au sein du Club de Paris ont convenu mercredi d’annuler, en deux etapes, la totalite de la dette d’Haiti vis-à-vis d’eux d’un montant de 214,73 millions de dollars.
<br /><br />
Ces annulations de dette effectuees au titre du dispositif des Pays pauvres tres endettes (PPTE), rendent Haiti momentanement ineligibles pour certains prets. Ce que deplorent de nombreux economistes.
<br /><br />
Radio Kiskeya","endettement,annulation",7/11/2009,Jean Bouco
41,Debut des discussions entre l'executif et le Parlement sur le budget,"Les membres de la commission parlementaire des finances auront des entretiens ce mardi avec la Premiere Michele Pierre Louis, le ministre des finances, Daniel Dorsainvil et le ministre de la planification Jean Max Bellerive autour des grandes orientations de la loi de finances 2009 – 2010.
<br /><br />
Le president de la commission finance, Jean Marcel Lemeran, indique que le gouvernement devra expliquer les motivations dans la definition des priorites du budget. Selon le parlementaire, les elus sont dans l'attente d'un bilan des realisations notamment dans le secteur justice/ securite, prioritaire depuis 2006.
<br /><br />
Le depute de Grand Goave predit que ces collegues feront echo des principales revendications de la population en ce qui concerne l'administration publique.
<br /><br />
La seance de travail permettra l'analyse de l'ensemble du budget. La section recette et depense de la loi de finance est geree par le ministere des finances alors que la section investissement est place sous la responsabilite du ministere de la planification.
<br /><br />
Le president de la commission finance de la chambre basse revele qu'une augmentation de 16 % est envisagee pour les fonctionnaires de l'administration publique ayant un salaire inferieur à 38 000 gourdes.
<br /><br />
L'enveloppe budgetaire de 88,9 milliards de gourdes est legerement en hausse par rapport à la loi de finance 2008- 2009 votee au debut du mois. Le budget d'investissement est de 55.5 milliards et celui de depenses est de 32.6 milliards de gourdes. L'apport interne au budget d'investissement est de seulement 8 milliards de gourdes.
<br /><br />
Radio Metropole","budget, pierre-louis,michele",7/15/2009,Bernard
42,La Premi&egrave;re Ministre veut introduire une nouvelle taxe sur les telecommunications,"La Premiere Ministre d'Haiti, Michele Pierre Louis, annonce qu'elle entend reintroduire la legislation relative à une nouvelle taxe sur les appels telephoniques. Lors d'une rencontre avec les membres de la commission finance de la chambre basse, Mme Pierre Louis a deplore que le projet de loi introduit l'annee derniere ait ete rejete par les elus. "" Je pense que cette taxe devrait dejà etre prelevee"", a lance la Premiere Ministre qui se propose d'engager des discussions avec les parlementaires autour de ce dossier.
<br /><br />
Pour justifier sa position Michele Pierre Louis revele qu'Haiti est le seul pays de la region qui n'applique pas de taxe sur les appels entrants internationaux.
<br /><br />
La demarche du gouvernement consiste à appliquer une taxe sur les entreprises et non les sur les utilisateurs . La Premiere Ministre fait remarquer que les compagnies de telephonie realisent des benefices importants dans la rubrique des appels internationaux.
<br /><br />
Le gouvernement se propose donc de capter une partie des benefices des 4 compagnies de telephonie dans le cadre des efforts visant à obtenir des ressources financiers additionnelles.
<br /><br />
Meme si aucune date n'est annoncee le gouvernement semble faire de la nouvelle taxation sur les appels telephoniques une de ses principales priorites.
<br /><br />
Radio Metropole","Duvivier Pierre-Louis, pm, telecommunication, taxe",7/17/2009,Jean Michel
43,"Vers la creation d’un ""Fonds interamericain pour Haiti""","Le Secretaire general adjoint de l’Organisation des Etats americains, Albert Ramdin, a tenu jeudi à Washington une reunion avec les representants de differentes institutions regionales sur le renforcement de leur cooperation en vue de la mise en place prochaine d’un ""Programme interamericain pour Haiti"".
<br /><br />
Selon un communique de l’OEA, la Banque interamericaine de developpement (BID), l’Organisation panamericaine de la sante (OPS/OMS), la Fondation panamericaine pour le developpement (PADF) et l’Institut interamericain de cooperation pour l’agriculture (IICA) ont pris part à cette rencontre.
<br /><br />
""La coordination de l’assistance des donateurs reste encore un element faible dans les efforts generaux deployes en faveur d’Haiti"", a fait remarquer le numero deux de l’organisation hemispherique ajoutant ""à mon sens, il est d’une importance cruciale d’intensifier la cooperation entre les institutions interamericaines concernant Haiti, non seulement à Washington DC, mais aussi sur le terrain où nous devons coordonner du mieux que possible l’assistance au developpement afin de faire une utilisation rationnelle des ressources disponibles"".
<br /><br />
Albert Ramdin explique que les differents acteurs vont se pencher sur les modalites de creation d’un Fonds de developpement hemispherique pour Haiti conformement à l’engagement auquel avaient souscrit les chefs d’Etat et de gouvernement presents au Ve sommet des Ameriques, en avril dernier à Trinidad et Tobago. Il espere que le rapport relatif à la creation du Fonds sera disponible d’ici deux mois.
<br /><br />
L’OEA informe qu’à la reunion de jeudi, les cinq organismes interamericains ont approuve la preparation d’une ""mission de haut niveau"" attendue à Port-au-Prince à la mi-septembre. La delegation qui devra analyser ""la situation actuelle en Haiti et les projets positifs qui s’y developpent"" sera composee, outre l’OEA, la BID, l’OPS, la PADF et l’IICA, de representants des pays membres de l’organisation hemispherique, de parlementaires et de medias.
<br /><br />
A c0te de ses fonctions de secretaire general adjoint de l’OEA, M. Ramdin dirige une task force sur Haiti. L’organisation panamericaine joue dans le pays un r0le politique et technique de premier plan dans le cadre d’une prise en charge internationale consecutive à des crises en cascade ayant fortement ebranle les institutions nationales et l’autorite de l’Etat.
<br /><br />
Radio Kiskeya","fonds interamerication, haiti",7/17/2009,Jean Michel
44,Haiti allegement de la dette; Le premier ministre applaudit cette decision,"Le premier ministre haitien Michele D, Pierre-Louis s'est rejouit de la decision prise par des institutions internationale d'alleger la dette haitienne de 1,2 milliards de dollars.
<br /><br />
« C'est parce qu'Haiti a su repondre aux conditionnalites de l'allegement de la dette et que nous avons pu maintenir une certaines stabilite macro-economique » a laisse entendre le chef du gouvernement haitien. .
<br /><br />
Michelle Duvivier Pierre Louis a fait ses declarations en marge du forum deroule à Port-au-Prince, les 16 et 17 juillet 2009, sous les auspices de la Banque interamericaine de developpement (BID) à l'occasion de son cinquantenaire. .
<br /><br />
« Concretement, cela signifie que 50 millions de dollars US n'auront pas à etre payes au titre du service de la dette chaque annee. Cela veut donc dire que cette somme sera disponible dans le budget pour faire face à l'augmentation du budget de fonctionnement et d'investissement. signale Mme Pierre-Louis. .
<br /><br />
Le premier ministre haitien a rappele qu' « Haiti est un des membres fondateurs de la Banque interamericaine pour le developpement. .
<br /><br />
Elle, a aussi insiste sur l'importance de l'appui de la BID dans un projet d'identification en cours de toutes les Haitiennes et de tous les Haitiens. .
<br /><br />
A signaler en termes d'allegement de la dette exterieure d'Haiti [qui s'eleve à 1,2 milliard de dollars americains aupres de differents crediteurs], la BID annule 549 millions de dollars US dont 34,15 millions dejà alloues au titre d'assistance interimaire.
<br /><br />
Radio Metropole","allegement, dette, pm",7/21/2009,Jean Michel
45,Bras de fer entre le gouvernement et le Parlement autour du 14 eme mois,"De nombreux deputes menacent de ne pas voter la loi de finance 2009 – 2010 si le gouvernement persiste dans son refus d'accorder des subventions scolaires aux fonctionnaires de l'Etat.
<br /><br />
Le president de la commission finance de la chambre basse, Jean Marcel Lumerant, a revele que le rapport de la commission a ete dejà soumis au bureau. Il souligne que les presidents des commissions ont decide de reporter la seance consacree au vote du rapport afin de contraindre le ministre des finances à confirmer le versement du 14 eme mois aux 60 000 employes de la fonction publique.
<br /><br />
De nombreux deputes et senateurs sont mecontents de la decision du grand argentier de la republique de mettre un terme au versement des subventions scolaires. La loi de finance est donc dans l'impasse à la chambre basse en raison du 14 eme qui n'est tout meme pas prevu par le code du travail.
<br /><br />
Une rencontre entre la Premiere Ministre et l'assemblee des deputes est prevue le mardi 25 aout afin d'evaluer les possibilites de mobiliser des fonds pour la subvention scolaire. Michele Pierre Louis sera accompagnee des ministres des finances et de la planification au cours de cette seance de travail qui permettra egalement d'analyser les projets prevus dans le budget 2008 – 2009.
<br /><br />
Le depute de Petion ville, Steven Benoit, met l'accent sur la necessite d'accorder cette subvention tout en faisant remarquer qu'elle pourrait etre eliminer dans le prochain budget.
<br /><br />
Le senateur Joseph Lambert s'attend à un effort special du gouvernement pour accorder ce 14 eme tant attendu par les parents. Il preconise que cette subvention soit accordee partiellement en attendant le vote du budget 2009 -2010.

<br /><br >
http://www.metropolehaiti.com","budget, quatrozieme mois, 14e",8/24/2009,Jean Michel
46,Nouvelle pomme « apparente » de discorde entre le Legislatif et l’Executif : la suppression du 14&egrave;me mois de salaire aux employes de l’Etat,"La decision de ne pas accorder un 14eme mois de salaire cette annee aux employes de l’etat commence à devenir un veritable sujet de preoccupation au parlement où certains senateurs, des deputes et meme des employes du parlement apprehendent les consequences d’une telle disposition sur la rentree scolaire.
<br /><br />
Le senateur Jean Hector Anacacis (Ouest, LESPWA) a ouvertement desapprouve cette disposition, estimant qu’elle nuira à coup sûr aux parents qui se servent ordinairement de cet argent pour faire face aux coûteuses exigences de la rentree scolaire. Anacacis demande au gouvernement d’user de tout ce qui est en son pouvoir afin de trouver les ressources necessaires au paiement du 14eme mois de salaire.
<br /><br />
Abondant dans le meme sens, le depute Anthony Dumont (Leogane, RDNP) a critique le fait que le gouvernement ait attendu la veille de la rentree scolaire pour annoncer « une aussi grave decision ».
<br /><br />
Le parlementaire a lance un appel au gouvernement pour qu’il se ressaisisse au plus vite.
<br /><br />
Se melant de la partie, des employes du parlement ont exprime jeudi leur desarroi face à cette mesure au micro des journalistes accredites au Palais legislatif.
<br /><br />
Face au tolle souleve par la disposition, le president de la Commission Finances de la Chambre basse, le depute Jean Marcel Lumerant, a annonce la convocation la semaine prochaine, pour des explications, du ministre de l’Economie et des Finances, Daniel Dorsainvil et de son collegue de la Planification et de la Cooperation Externe, Jean Max Bellerive.
<br /><br />Radio Kiskeya","14e, budget, quatorzieme mois",8/24/2009,Jean Michel
47,Le premier ministre haitien est attendu ce mardi au parlement,"Le chef du gouvernement accompagne des ministres des finances et de la panification externe est attendu ce mardi au senat de la republique selon le president de la chambre des deputes.
<br /><br />
Plusieurs points sont à l'ordre du jour lors de cette invitation, comme par exemple le paiement d'un quatorzieme mois aux employes de la fonction publique, et les 197 millions de dollars debloques dans le cadre d'un fond d'urgence a indique Levaillant Louis Jeune. .
<br /><br />
Michelle Duvivier Pierre Louis devrait aussi fournir aux parlementaires des explications sur la façon dont ete depenses les fonds mis à la disposition du gouvernement dans le cadre du budget 2008-2009 a-t il-ajoute. .
<br /><br />
Certains parlementaires protestent contre la suppression du paiement du quatorzieme mois aux employes de l'Etat. Ils pensent qu'il est possible de reaffecter certains fonds dans le projet de budget 20o9-2010 pour ne pas penaliser les employes concernes. .
<br /><br />
Ils menacent dejà de ne pas voter le budget pour la nouvelle annee fiscale si le gouvernement ne revient pas sur sa decision. .
<br /><br />Radio Metropole","parlement, budget, 14e mois",8/24/2009,Jean Michel
48,Le gouvernement elimine le 14 eme mois,"Le dossier des subventions scolaires aux fonctionnaires de l'Etat a ete debattu lors d'une seance de travail hier entre le ministre des finances, Daniel Dorsainvil, et plusieurs deputes, membres des commissions permanentes.
<br /><br />
Le grand argentier de la republique a confirme la decision du gouvernement de ne pas accorder les subventions scolaires, connu sous le nom de 14 eme mois.
<br /><br />
Il a explique que ces subventions totalisant 25 millions de dollars americains ne sont pas prioritaires comparees à des projets d'infrastructures routieres ou de relance de la production agricole. "" Cette subvention speciale qui a ete accordee en certaine occasion necessite des ressources non disponibles"", insiste le ministre des finances faisant remarquer qu'aucune allocation dans le budget n'a ete prevue pour cette subvention.
<br /><br />
M. Dorsainvil a egalement attire l'attention sur la necessite pour que le gouvernement mobilise des fonds en vue de subventionner des manuels scolaires et d'autres programmes destines à l'ensemble de la population.
<br /><br />
Le gouvernement envisage de financer la confection de plusieurs centaines de milliers d'uniformes et le programme de cantine scolaire.
<br /><br />
Face à l'insistance des elus, le ministre des finances a evoque la possibilite d'accorder une premiere tranche du bonus aux fonctionnaires de l'Etat au cours du mois de septembre. Il signale que la seconde tranche du bonus annuel devrait etre versee comme prevue en decembre 2009.
<br /><br />http://www.metropolehaiti.com","budget, 14e mois, dorsainvil, ministere des finances",8/26/2009,Jean Michel
49,Le gouvernement reaffirme ne pas pouvoir accorder un 14&egrave;me mois de salaire cette annee aux employes de l’Etat,"La premiere ministre Michele Pierre Louis a affirme jeudi, par-devant la Commission Finances de la Chambre basse, l’impossibilite pour le gouvernement d’accorder cette annee un 14eme mois de salaire aux employes de l’Etat, à l’occasion de la rentree des classes.
<br /><br />
« La question du 14eme mois de salaire souleve un probleme d’ordre financier, social et ethique », a soutenu Mme Michele Pierre Louis à l’appui de l’argumentation qu’elle a developpee pour justifier l’impossibilite d’accorder le bonus special.
<br /><br />
Le ministre de l’Economie et des finances, Daniel Dorsainvil, a propose que le bonus distribue à la fin de l’annee soit plut0t verse en deux temps,une partie maintenant, et l’autre en decembre. Formule que les membres de la commission ont formellement rejetee. Ils ont par contre propose que le gouvernement insere le montant correspondant au 14eme mois dans le projet de budget 2009-2010 qui, s’il est vote, sera en vigueur à partir du 1er octobre. Le chef du gouvernement a promis d’analyser la proposition et de communiquer sa reponse aux deputes dans 48 heures.
<br /><br />
La majorite des deputes presents à l’audition se sont prononces en faveur du « 14eme mois ».
<br /><br />
Outre le ministre des Finances, le chef du gouvernement s’etait fait accompagner au Parlement du ministre de la Planification et de la Cooperation externe, Jean Max Bellerive.
<br /><br />
La question du 14eme mois fait depuis quelques jours l’objet de debats passionnes au Parlement haitien et dans les medias. Elle concerne des milliers d’employes du secteur public qui, depuis environ 3 ans, beneficient de cette forme de subvention gouvernementale à la rentree des classes.
<br /><br />
Alors que le debat va encore bon train, certains organismes autonomes de l’Etat auraient dejà distribue ce bonus special à leurs employes.
<br /><br />Radio Kiskeya","14e mois, budget",8/28/2009,Jean Michel
50,Le gouvernement ne dispose pas de moyens financiers pour accorder un 14&egrave; mois cette annee,"La premiere ministre Michele Pierre Louis a reaffirme jeudi devant la commission/finances de la chambre des deputes, que le gouvernement n'a pas les moyens d'accorder cette annee un 14e mois de salaires aux employes de la fonction publique comme c'est le cas depuis plusieurs annees.
<br /><br />
Le moment est venu pour l'Etat haitien de bien depenser l'argent du tresor public"", a fait savoir Michele Pierre Louis .
<br /><br />
Le chef du gouvernement a precise qu'un mois de salaires pour 60,500 agents de la fonction publique s'eleve à pres d'un milliard de gourdes soit 25 millions de dollars americains.
<br /><br />
Faisant savoir que son gouvernement entreprend toutes les demarches possibles pour redresser la situation de corruption et de gaspillage qui regne dans l'Etat, elle s'est demandee s'il faut distribuer ces fonds à 60,500 personnes ayant dejà 13 mois de salaires ou les utiliser au service de la collectivite.
<br /><br />
""La majorite de la population ne travaille pas dans l'Etat et les autorites se doivent de se pencher sur le sort de ceux qui gagnent 2 dollars americains par jour, a-t-elle indique, ajoutant que c'est à l'Etat qu'il revient de s'occuper surtout des plus pauvres et de combattre la corruption.
<br /><br />
Soulignant qu'elle ne dispose meme pas d'une automobile neuve à la primature, Michele Pierre-Louis a dit qu'elle se sentirait inconfortable en augmentant le nombre de vehicules du parc automobile d'un Etat dont la gestion laisse à desirer.
<br /><br />
A Face à l'insistance des elus, le ministre des finances avait evoque la semaine derniere la possibilite d'accorder une premiere tranche du bonus aux fonctionnaires de l'Etat au cours du mois de septembre.
<br /><br />
Il signale que la seconde tranche du bonus annuel devrait etre versee comme prevue en decembre 2009.
<br /><br />Radio Metropole","14e mois, budget",8/28/2009,Jean Michel
51,Haiti-rentree scolaire: le gouvernement maintient sa decision de ne plus subventionner les fonctionnaires publics,"Le gouvernement a maintenu sa decision de ne pas octroyer cette annee le “quatorzieme mois de salaire” aux employes de la fonction publique. Dans une correspondance adressee lundi au President de la Chambre basse, Levaillant Louis-Jeune, la Premiere Ministre, Michele Pierre-Louis, a explique que le budget de l’exercice fiscal 2008-2009 ne lui permettrait pas d’accorder cette subvention.
<br /><br />
Cependant, une avance de 50 % pourrait etre attribuee aux fonctionnaires publics sur leur bonus regulier, si ces derniers le souhaitaient, a indique Madame Pierre-Louis.
<br /><br />
Le gouvernement serait egalement pret à accompagner les parents necessiteux à l’occasion de la rentree des classes en leur offrant des kits scolaires, livres et uniformes.
<br /><br />
De plus, les efforts de l’equipe gouvernementale sont concentres sur la rehabilitation des infrastructures endommagees lors du passage des cyclones en ete dernier et sur la relance de la production agricole, a-t-elle dit.    
<br /><br />
Le President de la Chambre des Deputes a fait savoir que cette subvention n’etait non plus inseree dans le budget de l’exercice fiscal 2009-2010.
<br /><br />
M. Louis-Jeune a dit qu’il incombait aux Deputes de trancher sur la question tout en evitant un bras de fer entre l’executif et le Parlement vu la situation actuelle.
<br /><br />
Cette decision des autorites a revolte le Depute Denis Saint-Fort, estimant que le gouvernement devrait etre interpelle si ses collegues etaient responsables.
<br /><br />
Pour sa part, le Depute Hugues Celestin s’est dit surpris de la decision du gouvernement de refuser le “quatorzieme mois de salaire” aux employes de la fonction publique vu les ”fortes sommes engagees par les autorites pour parvenir à l’adoption des objections du Chef de l’Etat sur le salaire minimum”.
<br /><br />
Le Parlementaire a fait reference notamment aux depenses effectuees pour la diffusion des spots concernant les recommandations de Rene Preval.
<br /><br />
M. Celestin serait dispose à rejoindre les Parlementaires favorables à l’interpellation du gouvernement.
<br /><br />
Depuis environ cinq (5) ans le gouvernement accordait un “quatorzieme mois de salaire” aux fonctionnaires publics à chaque rentree scolaire.
<br /><br />Radio Vision 2000","14e, subventions, budget",9/2/2009,Jean Michel
52,Mich&egrave;le Pierre Louis refuse d'accorder une subvention speciale aux fonctionnaires,"La Premiere Ministre Michele Pierre Louis dans une lettre au president de la chambre basse a explique que son gouvernement ne dispose pas de ressources financieres pour accorder le 14 eme mois aux 60 500 fonctionnaires de l'Etat.
<br /><br />
Elle a fait remarquer que cette rubrique n'avait pas ete inseree dans le budget 2008 -2009. De plus, elle informe qu'aucune allocation pour le 14 eme mois ne figure dans le projet de loi de finance 2009-2010 qui a ete recemment vote par la chambre basse.
<br /><br />
Pour conforter sa position la Premiere Ministre soutient que son gouvernement a decide d'accorder la priorite au programmes de subventions des manuels scolaires et des uniformes pour plusieurs milliers de familles dans le cadre de la rentree scolaire.
<br /><br />
Dans sa correspondance, Mme Pierre Louis assure que son gouvernement prefere mobiliser les ressources financieres disponibles pour la realisation de projet d'infrastructure visant notamment la relance de la production nationale.
<br /><br />
Toutefois elle annonce qu'une premiere tranche du bonus annuel sera disponible afin de permettre aux fonctionnaires de l'Etat de preparer la rentree scolaire. Cette premiere tranche du bonus pourrait etre accordee aux employes qui en font la demande.
<br /><br />
La chambre des deputes devra se prononcer ce mercredi sur le refus du gouvernement d'accorder une subvention speciale, connue sous le nom de 14 eme mois aux employes de la fonction publique.
<br /><br />
De son cote, le president de la chambre basse souhaite que collegues evitent un bras de fer avec l'executif autour de l'epineux dossier du 14 eme mois.
<br /><br />
Plusieurs elus dont le depute de Limonade, Hugues Celestin, envisagent d'interpeller le gouvernement qui selon eux n'œuvre pas afin d'ameliorer la situation des couches defavorisees.
<br /><br />Radio Metropole","14e, subventions scolaires",9/2/2009,Bernard
53,Haiti : Nouveau don de 30 millions de dollars de la BID,"La Banque inter-americaine de developpement va accorder à Haiti un nouveau don de 30 millions dollars qui doit assurer le financement de travaux de prevention d’inondations dans trois bassins versants essentiels et la promotion du developpement agricole durable.
<br /><br />
Selon un communique rendu public mercredi à Washington, cette enveloppe constituera la part de contribution de la BID à des ouvrages publics qui doivent etre realises sur une superficie representant 6% du territoire national. Quelque 360.000 habitants des bassins versants de la Grande Riviere du Nord (nord), de la Ravine du Sud et de Cavaillon (sud) seront les beneficiaires des interventions techniques qui doivent limiter les flux torrentiels, proteger les infrastructures et les biens immobiliers susceptibles d’etre touches par des inondations ou des glissements de terrain.
<br ><br />
D’autre part, il est prevu une assistance directe à la promotion de l’agriculture durable dans les bassins versants. Ainsi, des dons seront reserves aux producteurs legalement reconnus ou à des cultivateurs independants qui accepteront de pratiquer une forme d’agriculture favorable à la lutte contre l’erosion dans les parties les plus vulnerables des bassins versants. En vue de minimiser la gravite des catastrophes naturelles, une partie des 30 millions de dollars sera consacree à l’assistance technique, la formation et la fourniture de materiels à huit municipalites et entites responsables de l’amenagement des bassins.
<br ><br />
De l’avis de Gilles Damais, chef d’equipe de projet à la BID, les ouvrages finances devraient permettre de reduire jusqu’à 20 % l’intensite des inondations dans les trois regions ciblees et d’augmenter de 20 % leur couverture vegetale.
<br /><br />
Le communique souligne que le don s’inscrit dans le cadre d’efforts deployes par les autorites haitiennes et la Banque interamericaine de developpement afin de limiter les menaces constantes de desastres naturels auxquelles fait face la population et de renforcer les infrastructures essentielles dans les bassins versants extremement vulnerables.
<br /><br />
La BID participe aussi à la mise en place d’un programme national d’alerte precoce pour les 13 principaux bassins versants du pays en cas d’inondations. Dans cette perspective, l’on procedera prochainement dans les departements du Sud-Est et du Sud à la distribution de materiels et à la formation des communautes locales. Tout le dispositif de gestion des inondations devrait etre operationnel en decembre 2010.
<br />,br />
Outre la prevention des catastrophes, la BID qui figure parmi les principaux partenaires multilateraux d’Haiti, intervient dans l’amelioration des infrastructures et des services de base. Ses dons pour l’annee 2009 totalisent 122 millions de dollars et devraient passer en 2010 à 128 millions.
<br /><br />
Haiti, qui a recemment obtenu l’effacement d’une bonne partie de sa dette externe, n’a plus acces, depuis plusieurs annees, au portefeuille de credit des institutions financieres internationales.
<br /><br />
Radio Kiskeya","don de la bid, bid",9/17/2009,Jean Michel
54,Haiti-USA : accord pour annuler la dette bilaterale haitienne,"Selon un communique de l’ambassade, cet accord est reserve aux pays pauvres tres endettes (PPTE). Reconnaissant qu’Haiti a atteint le point d’achevement de l'Initiative PPTE avec succes, environ 12.6 millions de dollars – representant la totalite de la dette d'Haiti envers le gouvernement americain – seront annules selon les termes de cet accord.
<br /><br />
«Je tiens à feliciter le ministre Dorsainvil et le gouvernement haitien pour leurs efforts concernant la responsabilite fiscale», a declare l'ambassadeur Merten. «Je suis heureux d'annoncer que nous avons maintenant conclu un accord bilateral de reduction de dette avec Haiti. Selon cet accord, les etats-Unis annulent les 12.6 millions de dollars de la dette bilaterale, ce qui represente la totalite de la dette du gouvernement haitien envers le gouvernement americain», a-t-il ajoute.
<br /><br />
L’application avec succes des reformes economiques et financieres par Haiti etaient des facteurs primordiaux conduisant à ces engagements internationaux d’allegement de la dette d'Haiti. Cet ete, Haiti a rempli les conditions requises aux Pays Pauvres Tres Endettes (PPTE) qui la qualifient à obtenir plus de 1 milliard de dollars d’allegement de sa dette par ses creanciers multilateraux et bilateraux.
<br /><br />
L'accord signe vendredi met en œuvre la portion americaine d’un accord multilateral que les creanciers officiels du groupe du Club de Paris ont negocie avec Haiti le 8 juillet dernier concernant l’annulation d’environ 62.7 millions de dollars de sa dette officielle.
<br /><br />
Les creanciers d’Haiti au Club de Paris, incluant le Canada, la France, l'Italie et les Etats-Unis ont l’intention de fournir 152 millions de dollars en annulation additionnelle de dette au-delà des pre requis exiges par l’Initiative accordee aux Pays Pauvres Tres Endettes (PPTE).
<br /><br />
Suite à cette decision, la totalite de la dette d’Haiti envers les membres du Club de Paris, qui est estimee à 214 millions de dollars, sera entierement annulee.
<br /><br />
haitipressnetwork.com","annulation dete haiti, dette",9/19/2009,Jean Michel
55,Les Etats-Unis annulent la dette d'Haiti,"L'Ambassadeur des Etats-Unis à Port-au-Prince, Kenneth H. Merten, et le Ministre Haitien de l'Economie et des Finances, Daniel Dorsainvil, ont paraphe vendredi dernier l'accord qui permet d'effacer la totalite de la dette d'Haiti envers le gouvernement americain soit 12.6 millions de dollars.
<br /><br />
Le diplomate americain a salue les efforts du gouvernement haitien dans le domaine de la responsabilite fiscale. L'application avec succes des reformes economiques et financieres par Haiti etaient des facteurs primordiaux conduisant à ces engagements internationaux d'allegement de la dette d'Haiti.
<br /><br />
L'ambassadeur des Etats-Unis a rappele qu'Haiti a rempli au cour de l'ete 2009, les conditions requises aux Pays Pauvres Tres Endettes (PPTE) l'autorisant à obtenir plus de 1 milliard de dollars d'allegement de sa dette par ses creanciers multilateraux et bilateraux.
<br /><br />
Selon M. Merten l'accord du 18 septembre represente la participation des Etats-Unis à l'accord multilateral que les creanciers officiels du groupe du Club de Paris avaient negocie avec Haiti en juillet dernier. Les creanciers d'Haiti au Club de Paris, le Canada, la France, l'Italie et les Etats-Unis ont promis d'annuler 62.7 millions de dollars de la dette officielle d'Haiti.
<br /><br />Radio Metropole","annulation, dette, USA",9/21/2009,Jean Bouco
56,Le projet loi de finances 2009-2010 a l'ordre du jour au Senat de la republique,"Le senat de la republique pourrait se pencher ce jeudi sur le rapport de la commission de finances chargee d'analyser le projet loi de finances 2009-2010.
<br /><br />
En depit des failles repertoriees dans le projet de loi, il devrait passer avec des corrections à la chambre haute avait averti le president de la commission de finances le senateur Nelnel Cassis.
<br /><br />
Le budget pour l'annee fiscale à venir est evalue à 88.9milliards de gourdes ; 22.6 milliards vont dans les depenses courantes ,55.5 milliards concernent les depenses d'investissement.
<br /><br />
Le budget est ventile en fonction des memes priorites du gouvernement
<br /><br />Radio Metropole","loi de finances, senat, budget",9/24/2009,Jean Bouco
57,"258 millions de dollars pour Haiti, promet le Clinton Global Initiative","Le Clinton Global Initiative (CGI) dirige par l’ancien President americain et actuel envoye special de l’ONU pour Haiti, Bill Clinton, a annonce vendredi une enveloppe de 258 millions de dollars pour la realisation de differents projets en Haiti, rapporte l’Associated Press.
<br /><br />
Lors de la conference annuelle de la fondation qui s’est deroulee à New York, en marge de la 64e assemblee generale ordinaire des Nations Unies, 21 projets ont ete devoiles. Parmi eux, la distribution, pendant trois ans, d’eau potable et d’installations sanitaires à 50.000 haitiens issus des couches les plus defavorisees, selon un engagement financier de 2 millions de dollars de Water.org, une organisation du celebre acteur americain Matt Damon.
<br /><br />
De leur c0te, Habitat pour l’humanite et l’Agence americaine pour le developpement international (USAID) ont promis 4,5 millions de dollars qui seront consacres aux travaux de reparation de 1.500 habitations familiales aux Gonaives (171 km au nord de Port-au-Prince) et à Cabaret (35 km au nord), deux villes ravagees au cours du passage, l’an dernier, de quatre ouragans et tempetes tropicales.
<br /><br />
En 2008, une campagne similaire de levee de fonds du Clinton Global Initiative avait permis de recolter 170 millions de dollars pour 31 projets à travers le pays.
<br /><br />
Un porte-parole de Bill Clinton precise qu’une partie de l’aide promise cette annee a dejà ete debloquee.
<br /><br />
Parmi les personnalites presentes à la reunion annuelle du CGI figuraient le President Rene Preval, la militante ecologiste kenyane et Prix Nobel de la paix 2004, Wangari Maathai et l’acteur americain Brad Pitt, une des coqueluches d’Hollywood. <br /><br />Radio Kiskeya","clinton, clinton global initiative",9/26/2009,Jean Bouco
58,La BID accorde 3 millions de dollars pour la rehabilitation de l'environnement,"La Banque Interamericaine de developpement (BID) a octroye mercredi dernier un don de 3,44 millions pour soutenir la gestion durable des terres et des forets et ameliorer la preservation du parc de Macaya. Ce don, permettra le reboisement des principaux bassins hydrologiques du sud-ouest du pays et la mise en œuvre d'un systeme de contr0le et de sequestration du carbone pour prevenir les emissions de gaz à effet de serre dans la zone abritant le parc de Macaya.
<br /><br />
Le projet sera execute pendant 4 ans et renferme quatre composantes, dont le renforcement des capacites de gestion des bassins hydrologiques et l'adoption de technologies de gestion durable des terres.
<br /><br />
Il est egalement prevu un renforcement des capacites locales de protection des sols et de sequestration du carbone, une augmentation de la plantation d'arbres fruitiers et de haute futaie, ainsi que l'accroissement de la productivite de l'elevage dans les sommets des bassins hydrologiques.
<br /><br />
En outre la restauration de 200 hectares de forets du parc de Macaya, le reglement des litiges fonciers, la construction de petits barrages et de reservoirs d'eau, le developpement de l'elevage de moutons et le cofinancement d'un centre de decorticage de cafe seront egalement realises.
<br /><br />Radio Kiskeya","BID, aide, environnement",9/30/2009,Jean Michel
59,Le Senat approuve le budget 2009-2010 dans les memes termes que la Chambre Basse,"Les Senateurs ont approuve le budget de l’exercice fiscal 2009-2010 mardi à deux jours de l’ouverture de nouvel exercice fiscal.
<br /><br />
Le budget  se chiffre à un peu plus de 88  milliards de gourdes (41 gourdes pour 1 USD).
<br /><br />
Le rapport de la commission de finance de la Chambre Haute avait recommande aux Senateurs d’adopter le budget dans les memes termes que les Deputes, a precise Nenel Cassy, President de ladite commission.
<br /><br />
Toutefois, le document est passible de modifications, a souligne M. Cassy affirmant que des recommandations ont ete faites en ce sens au gouvernement. Le Parlementaire n’a pas precise les termes de ces changements.
<br /><br />
Une commission de contr0le sera mise sur pied en vue de suivre le gouvernement dans l’execution et le suivi des recommandations, a-t-il fait savoir.
<br /><br />
Onze (11) Senateurs sur les dix-sept (17) ayant participe à la seance ont adopte le budget et cinq (5) ont fait abstention. Le President de l’Assemblee ne pouvant pas voter.
<br /><br />
Le document devrait etre achemine à l’executif avant le premier octobre pour promulgation au journal Le Moniteur.
<br /><br />Radio Vision 2000","budget 2009-2010, haiti, senat",9/30/2009,Jean Michel
60,Le Budget 2009 -2010 a ete ratifie par le senat,"Les senateurs ont approuve hier, par 11 voix pour et 1 contre, le projet de loi de finance 2009 -2010. Les senateurs ont prefere mettre une sourdine à leurs exigences sur certaines incoherences relevees par la commission finance afin de respecter le delai constitutionnel pour l'application du budget.
<br /><br />
Le rapport de la commission, presidee par Nenel Cassy, a ete approuve par les peres conscrits permettant ainsi de voter ce projet de loi dans les memes termes que les deputes.
<br /><br />
Auparavant la Premiere Ministre, Michele Pierre Louis avait fourni des informations complementaires notamment en ce qui a trait à la gestion des 22 millions de gourdes allouees au bureau de liaison avec le representant special du secretaire general de l'ONU et l'absence de ressources financieres pour les partis politiques.
<br /><br />
Mme Pierre Louis a promis qu'une enveloppe sera consacree au Partis politiques comme prevu dans les lois sur les partis politiques et les elections.
<br /><br />
Moins d'une douzaine de senateurs ont ainsi approuve cette loi de finance alors que le grand corps compte 29 elus. Commentant cette situation, le president du senat, Kelly Bastien, explique que 8 elus sont en voyage à l'etranger alors que 4 autres participent à une fete patronale dans leur departement.
<br /><br />
La loi de finance 2009 – 2010 a ete votee sur le fil, puisque la senatrice Edmonde Supplice Beauzile avait abandonne la seance en raison de divergences avec le bureau.
<br /><br />Radio Metropole","budget 2009/2010, haiti, parlement",9/30/2009,Jean Michel
61,La BID annonce a Port-au-Prince un don de 25 millions de dollars pour Haiti,"La Banque interamericaine de developpement a accorde jeudi un don de 25 millions à Haiti qui sera consacre à la poursuite des travaux d’amelioration du reseau routier national et à l’entretien des routes dans les departements des Nippes, de la Grand’Anse (sud-ouest) et du Sud où les difficultes de transport restent enormes.
<br /><br />
Annoncee à Port-au-Prince en marge de la ""reunion d’affaires internationales 2009"" organisee à l’initiative de la BID et de l’envoye special de l’ONU, Bill Clinton, cette aide va contribuer à l’amelioration des conditions de transport et de la securite routiere. Elle doit aussi donner une impulsion au developpement economique du sud du pays, une region au potentiel agricole et touristique eleve.
<br /><br />
Selon un communique de la BID, ces 25 millions de dollars constituent la troisieme tranche d’une serie de quatre dons annuels au montant egal octroyes pour des interventions sur les routes d’Haiti.
<br /><br />
Les travaux à entreprendre concerneront la rehabilitation de 43 kilometres de routes secondaires et tertiaires dans la peninsule du sud, l’amenagement de 2 kilometres de pavage et de drainage aux intersections urbaines de la region, la construction de deux ponts sur la riviere Froide et l’elargissement de la lagune de Miragoâne.
<br /><br />
La Banque interamericaine de developpement, dont le numero un Luis Alberto Moreno co-preside avec Bill Clinton la mission commerciale venue en Haiti, represente une partenaire multilaterale tres importante pour le pays où elle intervient principalement dans le secteur des infrastructures de base.
<br /><br />Radio Kiskeya","BID, don, haiti",10/2/2009,Jean Michel
62,Haiti/BID : 25 millions de dollars pour rehabiliter les routes du Grand Sud,"La Banque interamericaine de developpement (BID) a annonce, le 1er octobre 2009, une aide de 25 millions de dollars pour aider Haiti à poursuivre les travaux d’amelioration et d’entretien des routes reliant les departements du Sud, des Nippes et de la Grand Anse.
<br/><br/>
Ce don favorisera l’amelioration des conditions de transport et de la securite routiere, ce qui stimulera le developpement economique de cette region recelant un enorme potentiel agricole et touristique’’, precise la BID dans un communique.
<br /><br />
Dans la peninsule du Sud, une partie de ce montant sera utilisee pour rehabiliter 43 kilometres de routes secondaires et tertiaires puis amenager 2 kilometres de pavage et de drainage aux intersections urbaines.
<br /><br />
4,5 millions de dollars seront utilises pour financer la construction de deux ponts sur Riviere froide et l’elargissement de la lagune de Miragoâne.
<br /><br />
Un montant de 2,8 millions de dollars servira à financer des travaux d’entretien routier, notamment l’assistance technique aux bureaux locaux du ministere des Travaux publics, l’acquisition d’equipements pour l’entretien des routes et les travaux d’entretien.
<br /><br />
Ces activites marqueront le point de depart d’une strategie globale d’amenagement du reseau routier conçue par les autorites haitiennes, souligne la BID.
<br /><br />
C’est le troisieme d’une serie de quatre dons annuels de 25 millions de dollars chacun octroyes à Haiti pour la rehabilitation de son reseau routier.
<br /><br />
Avec ce financement, les routes des environs d’Aquin, de L’Asile, et d’Anse à Veaux seront remises en etat pour faciliter l’acces des populations de la vallee de Riviere des Pins à la capitale Port-au-Prince et à d’autres services et centres commerciaux comme Cayes et Miragoâne.
<br /><br />
L’amenagement des intersections dans les localites situees le long de la route Cayes-Jeremie favorisera la participation de petites entreprises locales au programme, creant par la meme occasion des emplois et des competences extremement utiles, selon la BID.
<br /><br />
Les fonds promis proviendront du Mecanisme de financement des dons de la BID et seront decaisses sur une periode de trois ans (2010–2012).
<br /><br />
Le programme dans son ensemble beneficie egalement d’un don de 75 millions de dollars canadiens de l’Agence canadienne de developpement international qui soutient la remise en etat des 71 kilometres de la route reliant Les Cayes à Jeremie.
<br /><br />
La BID dit financer un vaste portefeuille de projets en Haiti, principalement dans le secteur de l’infrastructure de base. Ce programme represente plus de la moitie des financements consentis par la Banque pour l’amelioration et l’entretien des routes du pays.
<br /><br />Radio Vision 2000","BID, don, haiti",10/3/2009,Jean Michel
63,Haiti : Le salaire des fonctionnaires de la justice revu a la hausse,"Le ministre de la justice annonce un ajustement salarial, à partir de ce mois d’octobre 2009, en faveur des juges, commissaires du gouvernement et substituts de toutes les juridictions du pays.
<br /><br />
Sans fournir des details sur cette augmentation salariale, le ministere de la justice et de la securite publique (MJSP) indique que cette decision a ete adoptee lors du dernier Conseil des ministres.
<br /><br />
En attendant la mise en place du Conseil superieur du pouvoir judiciaire, les autorites haitiennes invitent les juges de differents tribunaux du pays à occuper leurs fonctions conformement à la Constitution.
<br /><br />
Parallelement, le ministere de la justice adopte tout un train de mesures concernant la delivrance des certificats de bonne vie et mœurs par les tribunaux de paix du pays.
<br /><br />
La carte d’identification nationale, l’acte de naissance ou extrait des archives, 2 photos d’identite, certificat delivre par la police, sont entre autres exiges au moment de la demande.
<br /><br />
Le ministere de la justice dit arreter ces dispositions pour freiner les abus dans la delivrance de certificats de bonnes vie et mœurs.
<br /><br />
Un delai maximum de 8 jours ouvrables est accorde au juge de paix pour enqueter sur les declarations et les documents soumis par le sollicitant ou la sollicitante, precise le MJSP dans un communique date du 1er octobre dernier.
<br /><br />
Tout certificat de bonne vie et mœurs devra etre inscrit dans un registre à ce destine, selon le ministere de la justice qui appelle à la stricte application de ces mesures.
<br /><br />Radio Vision 2000","salaire, justice",10/15/2009,Jean Michel
64,Haiti/BID/Espagne : 39 millions de dollars pour ameliorer les services d’alimentation d’eau et d’assainissement,"Haiti s’apprete à recevoir sous formes de dons et de prets une somme de 39 millions de dollars americains de la Banque interamericaine de developpement (BID) et de l’Espagne pour financer des projets d’amelioration des services d’approvisionnement en eau potable dans plusieurs de ses regions, annonce la BID dans un communique.
<br /><br />
Une partie de ce montant, soit 20 millions de dollars, est un don du Fonds espagnol à Haiti. Le reste, 19 millions de dollars, sera octroye par la BID dans le cadre de ces projets.
<br /><br />
14, 2 millions de dollars, de cette enveloppe, seront consacres à l’extension de la couverture en eau potable. 17 millions seront utilises pour mettre en place des services d’assainissement individuels et collectifs, developper les systemes d’enlevement, de transport et d’evacuation des ordures menageres.
<br /><br />
Ces 17 millions seront egalement utilises pour ameliorer l’entretien des systemes de drainage pluvial, appuyer des programmes d’hygiene publique et etablir des normes relatives à la gestion des eaux usees.
<br /><br />
Environ 150 mille personnes doivent beneficient de ces projets qui seront executes dans les communes de Saint-Marc (peripherie nord), Port-de-Paix (nord-ouest), Les Cayes (sud), Jacmel (sud-est), Ouanaminthe (nord-est) et Cap-Haitien (nord).
<br /><br />
« Les services d’eau et d’assainissement d’Haiti sont parmi les plus defectueux de l’hemisphere. Le pays ne dispose pas de reseau d’assainissement et, d’apres le recensement de 2003, seuls 8,5 % des menages sont connectes à un systeme d’alimentation en eau potable », precise ce communique date du 16 octobre 2009.
<br /><br />
Par ailleurs, une partie des fonds servira à renforcer les capacites institutionnelles et techniques de la Direction nationale d’eau potable et d’assainissement (DINEPA) et à organiser une campagne d’eradication des vers parasites lies au mauvais etat des services d’eau et d’assainissement.
<br /><br />
Cette campagne, selon la BID, mettra un accent particulier sur le traitement des enfants âges de 1 à 12 ans.
<br /><br />
Parallelement, la BID et l’Espagne s’engagent à donner 100 millions de dollars sous forme de prets et dons à la Bolivie pour cofinancer un projet devant s’attaquer aux problemes d’eau et d’assainissement auxquels sont confrontees les populations les plus pauvres de ce pays d’Amerique latine.
<br /><br />
Il s’agit des premiers projets conjointement finances par la BID et le Fonds de cooperation espagnol pour l’alimentation en eau et l’assainissement en Amerique latine et aux Caraibes.
<br /><br />
Le financement de ces projets fait suite à des engagements pris, l’annee derniere, par le premier ministre espagnol Jose Luis Rodríguez Zapatero.
<br /><br />
En plus d’Haiti et de la Bolivie, la BID et l’Espagne envisagent de cofinancer des projets au Bresil, au Costa Rica, en equateur, au Guatemala, au Honduras, au Paraguay, au Perou, en Republique dominicaine, au Salvador et en Uruguay, d’ici mi-2010.
<br /><br />Radio Vision 2000","BID, Espagne, alimentation",10/19/2009,Jean Bouco
65,Interpellation prochaine du ministre des finances,"Plusieurs senateurs envisagent de formuler une demande d'interpellation de plusieurs membres du gouvernement. Le senateur Anacacis Jean Hector (Lespwa) argue que cette demarche s'avere indispensable en raison du laxisme des autorites gouvernementales.
<br /><br />
Le ministre des finances, Daniel Dorsainvil, est toujours dans le collimateur des senateurs de Lespwa, jusqu'à present insatisfaits de la politique economique du gouvernement. Anacacis Jean Hector veut reactiver la demande d'interpellation mise en veilleuse par l'ancien bureau.
<br /><br />
Il deplore la propension du grand argentier à thesauriser au maximum alors que les ressources devraient etre utilisees pour ameliorer les conditions de vies de la population. "" Le ministre se comporte comme un comptable parce qu'il veut avoir des montants enormes dans les caisses "", se plaint le senateur Jean Hector faisant reference au maintien de 300 000 dollars dans les reserves de la BRH.
<br /><br />
Le senateur de Lespwa croit que la censure de certains ministres permettra au chef de l'Etat de realiser les changements necessaires dans l'administration publique. Meme si Lespwa est en premiere ligne de ce mouvement, le senateur Anacacis assure que les parlementaires du parti au pouvoir veulent tenir compte des revendications de l'opposition. "" Les dirigeants des partis de l'opposition ont affiche leur desapprobation vis-à-vis de l'action de Michele Pierre Louis"", martele le senateur Jean Hector qui n'ecarte pas la possibilite d'interpeller la Premiere Ministre.
<br /><br />
Radio Metropole","Dorsainvil, interpellation",10/19/2009,Jean Bouco
66,"Kouchner salue l’arrivee de Bellerive et annonce un ""important contrat"" avec Haiti","Le ministre français des affaires etrangeres et europeennes, Bernard Kouchner, a adresse lundi ses felicitations au nouveau Premier ministre haitien, Jean-Max Bellerive, et en a profite pour annoncer des negociations en vue de la conclusion d’un ""important contrat de desendettement et de developpement"" en faveur du pays.
<br /><br />
Selon le texte d’un message lu lundi par le porte-parole du Quai d’Orsay, Bernard Valero, cet accord s’inscrira dans le cadre d’un nouveau partenariat engage entre Port-au-Prince et Paris.
<br /><br />
""A l’occasion de votre prise de fonctions, je vous adresse mes plus chaleureuses felicitations ainsi que tous mes vœux de reussite dans l’accomplissement de votre mission"", a declare M. Kouchner au Premier ministre avec qui, dit-il, la France entend ""poursuivre le travail entrepris avec le precedent gouvernement"".
<br /><br />
Le chef de la diplomatie française indique avoir ""suivi avec beaucoup d’interet"" les debats auxquels avait donne lieu au Parlement le processus de ratification de Jean-Max Bellerive, successeur depuis le 11 octobre de Michele Pierre-Louis destituee par le Senat, quelques jours plus t0t.
<br /><br />
""Comme je l’ai rappele lors de ma recente visite en Haiti, le 18 septembre dernier, la France marque sa disponibilite à approfondir encore la cooperation existante entre nos deux pays"", a ajoute Kouchner tout en faisant etat de progres realises en Haiti dans le domaine de la stabilisation et de la consolidation des institutions et dans la lutte contre l’insecurite. Il a enfin reaffirme la volonte de Paris de ""demeurer un partenaire de premier plan d’Haiti sur la voie des reformes et du developpement"".
<br /><br />
Lors de sa recente visite à Port-au-Prince, le ministre Bernard Kouchner avait mis en relief l’importance de la cooperation bilaterale et promis son renforcement dans plusieurs secteurs.
<br /><br />Radio Kiskeya","kouchner, bellerive,haiti,contrat",11/17/2009,Jean Michel
67,Haiti/Elections : Environ 25 millions de dollars pour financer les prochaines legislatives,"Un accord de 25 millions de dollars americains a ete signe, ce 16 novembre 2009, entre le gouvernement haitien, le Conseil electoral provisoire (CEP) et le Programme des Nations Unies pour le developpement (PNUD) en vue de la realisation des prochaines elections legislatives dans le pays, avons-nous constate.
<br /><br />
La signature de cet accord s’est deroulee à la Primature (siege du gouvernement) en presence de quelques membres du CEP et des representants de la communaute internationale, dont la nouvelle coordinatrice residente du PNUD, la canadienne Kim Bolduc, qui remplace le français Joël Boutroue, à ce poste.
<br /><br />
Le premier ministre Jean Max Bellerive, qui detient egalement le portefeuille du ministere de la planification, precise que « cet accord va permettre le financement des elections pour un montant global de 25 millions de dollars environ, dont 7 millions seront fournis par le tresor public haitien ».
<br /><br />
Les fonds alloues à l’organisation du prochain scrutin seront geres par le Programme des Nations Unies pour le developpement, selon Gaillot Dorsainvil, president de l’institution electorale.
<br /><br />
M. Dorsainvil a tenu à signaler que la contribution haitienne, de l’ordre de 300 millions de gourdes (7 millions de dollars americains), est dejà disponible.
<br /><br />
Ce montant sera utilise pour realiser les deux tours des prochaines elections legislatives, precise Gaillot Dorsainvil.
<br /><br />
Dans 9 des 10 departements geographiques du pays, le premier tour de ce scrutin aura lieu le 28 fevrier 2010 ; tandis que les electeurs du departement du Centre doivent attendre la date du 3 mars [2010] pour remplir leur devoir civique.
<br /><br />
« Nous ferons l’effort necessaire pour respecter l’echeance du 28 fevrier », rassure Gaillot Dorsainvil qui appelle les partis et regroupements politiques à se faire enregistrer au niveau du CEP.
<br /><br />
La periode d’enregistrement des formations politiques se deroule du 16 au 20 novembre en cours, selon le calendrier electoral soumis par le CEP.
<br /><br />Radio Vision 2000","don, Elections",11/17/2009,Jean Bouco
68,"Accord de financement des prochaines legislatives par la communaute internationale et le gouvernement haitien : 25 millions de dollars, via le PNUD","Le Premier ministre Jean-Max Bellerive, egalement ministre de la Planification et de la Cooperation externe, le president du Conseil Electoral Provisoire (CEP), Gaillot Dorsainvil et la representante residente du Programme des Nations-Unies pour le Developpement (PNUD), Mme Kim Bolduc, ont conjointement signe lundi à la Primature un accord de financement des elections legislatives de fevrier et mars 2010 dans le pays.
<br /><br />
Cet accord, d’un montant de vingt cinq millions de dollars americains auquel le gouvernement haitien contribue à hauteur de sept millions de dollars tires du Tresor public, concerne la realisation des elections pour le renouvellement de la Chambre des deputes, du deuxieme tiers du Senat ainsi que la reprise des senatoriales partielles annulees dans le departement du Centre, suite aux violences enregistrees le jour du scrutin, le 19 avril 2009.
<br /><br />
La ceremonie de signature d’accord a ete l’occasion pour le Premier ministre Bellerive de saluer la nomination, par le secretaire general de l’Onu, de Mme Kim Bolduc comme sa representante speciale adjointe aupres de la Mission des Nations-Unies pour la Stabilisation d’Haiti (MINUSTAH) et representante residente du Programme des Nations-Unies pour le Developpement (PNUD).
<br /><br />
Avec la signature de l’accord de financement, une importante etape a ete franchie vers l’organisation des elections, a declare le president du CEP, Gaillot Dorsainvil. Il assure que l’organisme electoral fera de son mieux afin de respecter le calendrier electoral dont il juge normales les differentes etapes en raison du delai relativement court pour la tenue du scrutin.
<br /><br />
Radio Kiskeya","Elections, accord, financement,PNUD",11/17/2009,Jean Michel
69,Haiti rejoint les pays signataires des Accords de partenariat economique avec l’Union europeenne,"Le gouvernement haitien a signe, ce 10 decembre 2009, le document des Accords de partenariat economique (APE) liant les Etats de l’Afrique, Caraibe, Pacifique (ACP) à l’Union europeenne.
<br /><br />
La signature de cet accord s’est deroulee à la chancellerie haitienne entre la cheffe de la diplomatie haitienne, Marie Michele Rey, et le chef de la delegation europeenne, Francesco Gosetti.
<br /><br />
Marie Michele Rey a tenu à preciser que cet accord constitue de nouveaux fondements des relations economiques et commerciales entre les pays membres de l’ACP et ceux de l’Union europeenne.
<br /><br />
« Cet accord, une fois ratifie, permettra aux produits d’exportation haitien d’avoir un libre acces aux grands marches europeens sans limitation de quota et de tarifs douaniers », a indique la ministre d’Haiti des affaires etrangeres.
<br /><br />
L’Accord de partenariat economique met en place une relation entre les pays des Caraibes et l’Union europeenne pour etablir, dans une echeance de 25 ans, une zone de libre-echange economique.
<br /><br />
« Cela presuppose que des la signature de l’accord le marche europeen est ouvert à l’exportation des produits venant d’Haiti sans aucune limitation de quota et sans payer les droits de douane à l’entree », a affirme Francesco Gosetti.
<br /><br />
L’accord prevoit aussi une dimension tres importante pour les services, pour le transfert des connaissances et des competences, poursuit le representant de l’Union europeenne en Haiti.
<br /><br />
« C’est veritablement une grande chance pour Haiti et pour les pays de la region », a indique Francesco Gosetti tout en precisant que les APE offrent de nombreux avantages aux pays signataires.
<br /><br />
L’agriculture haitienne, selon le chef de la delegation europeenne, a besoin de croître, d’etre protegee par rapport à la competitivite mondiale, car elle ne peut pas aller du jour au lendemain dans la competitivite.
<br /><br />
Interroge sur les positions affichees par des mouvements sociaux contre cet accord, Francesco Gosetti dit avoir travaille avec les autorites en vue de tenir compte des preoccupations de ces organismes qui s’etaient regroupes autour d’une coalition nationale denommee « Bare APE » (Halte aux APE).
<br /><br />
Le gouvernement a pris la decision d’inscrire dans cet accord les revendications de ces mouvements sociaux tout en prevoyant un ensemble de conditions differentes de celles qui etaient prevues au depart dans l’objectif d’ameliorer la protection de certains secteurs, selon le representant de l’Union europeenne.
<br /><br />
Francesco Gosetti en a profite pour annoncer la tenue, ce vendredi, en Republique dominicaine, d’une reunion entre les ordonnateurs nationaux haitien et dominicain autour de cet accord.
<br /><br />
Pa cette rencontre, les organisateurs cherchent surtout à elaborer « un programme commun aux deux pays pour ameliorer l’utilisation de l’accord, pour ameliorer les conditions de transfert des marchandises, les conditions de la gestion, les conditions de vie des personnes », selon le chef de la delegation europeenne qui assistera à la rencontre du 11 decembre par video conference.
<br /><br />
« Il y a environ 200 millions d’euros qui sont à la disposition de l’integration regionale et de l’accompagnement de l’accord de partenariat economique », informe M. Gosetti.
<br /><br />
La signature du document des APE est assortie d’une declaration formelle fixant la position d’Haiti par rapport à certains aspects de l’Accord et les conditions de son acceptation, selon un communique du ministere des Affaires etrangeres.
<br /><br />","accords partenariat, UE",12/11/2009,Jean Michel
70,La BID lance un concours pour la selection de plans d’affaires pour des projets touristiques aux Caraibes,"La Banque interamericaine de developpement (BID) annonce l’organisation d’un concours de selection des plans d’affaires pour des projets touristiques aux Caraibes dont la chaîne de valeurs fait intervenir les communautes à faibles revenus.
<br /><br />
Lance par l’Initiative Opportunites pour la majorite de la BID, ce concours est ouvert aux entreprises etablies aux Bahamas, à la Barbade, au Guyana, en Haiti, en Jamaique, au Surinam et à Trinite-et-Tobago.
<br /><br />
« Les plans d’affaires admissibles doivent integrer les communautes à faibles revenus comme fournisseurs ou distributeurs de biens ou de services, de sorte que les entreprises et les residents locaux beneficient de l’elaboration de projets touristiques », precise un communique de la BID.
<br /><br />
Les propositions seront jugees sur des criteres tels que les innovations, l’impact economique, social et environnemental sur les communautes où seront realisees des projets, le potentiel de croissance, la solvabilite, la capacite de mise en œuvre et la possibilite de les reproduire ailleurs.
<br /><br />
Les participants à ce concours devront soumettre, avant le 9 avril 2010, un resume de trois pages de leur projet et une presentation generale de leur entreprise sur une page.
<br /><br />
Les propositions gagnantes beneficieront de services de consultants de $25 000 aupres de cabinets de renommee internationale specialises dans le developpement du tourisme afin de preparer des plans d’affaires leur permettant de pouvoir acceder à des financements.
<br /><br />
Opportunites pour la majorite est une initiative speciale de la BID qui favorise et finance des modeles economiques inspires du secteur prive, destines à fournir des produits et des services de qualite, à creer des emplois et à permettre aux communautes à faibles revenus de rejoindre l’economie officielle en Amerique latine et aux Caraibes.
<br /><br />
Radio Vision 2000","BID, concours, projets, tourisme, caraibes",12/11/2009,Jean Michel
71,La Commission europ&acute;enne decide d’allouer 30 millions d’EUR pour amortir l’impact de la crise &acute;conomique en Haiti,"La Commission europeenne a approuve les premieres decisions de financement en faveur d’onze pays d’Afrique et de deux pays des Caraibes, dont Haiti, pour 230 millions d’EUR au total, dont 215 millions au titre du «mecanisme FLEX relatif à la vulnerabilite (V­FLEX)».
<br /><br />
Il s’agit de la premiere serie de decisions de financement dans le cadre du mecanisme V­FLEX, dote de 500 millions d’EUR, qui a ete adoptee en août 2009 en reponse à la crise economique pour les pays d’Afrique, des Caraibes et du Pacifique (ACP). Au total, Haiti qui avait beneficie plus t0t dans l’annee de plus de 35 millions d’EUR dans le cadre du FLEX et du FED aura donc ete soutenu à hauteur de plus de 65 millions d’EUR en 2009.
<br /><br />
Karel De Gucht, commissaire charge du developpement et de l’aide humanitaire, a declare: «Les pays en developpement ont ete durement touches par la crise en raison de leur vulnerabilite aux chocs exterieurs. C’est ainsi que les autorites de nombreux pays ACP ont ete confrontees à des deficits de financement. Le mecanisme FLEX relatif à la vulnerabilite represente l’instrument de reponse rapide de l’Union europeenne, qui vise à aider les pays concernes à maintenir leurs depenses dans les domaines prioritaires, contribuant par là meme à la reduction des coûts sociaux de cette crise dans les pays les plus severement touches».
<br /><br />
Le mecanisme V­FLEX est un instrument à court terme destine à aider les pays ACP les plus vulnerables à faire face à l’impact de la crise economique et financiere mondiale et à en attenuer les consequences sociales. Les premiers pays à beneficier de cet instrument, à leur demande, sont le Benin, le Burundi, la Republique centrafricaine, les Comores, le Ghana, Grenade, la Guinee­Bissau, Haiti, le Malawi, Maurice, les Seychelles, la Sierra Leone et la Zambie. Le montant alloue à Haiti, correspondant à 1.9 milliard de gourdes, est le plus important par tete d’habitant parmi les 11 pays ACP beneficiant de ce nouvel apport.
<br /><br />
Pour cette premiere tranche, toutes les sommes sont versees sous la forme d’appui budgetaire, ce qui permettra aux pays partenaires de maintenir leur niveau de depenses publiques dans les domaines prioritaires, notamment dans les secteurs sociaux, sans mettre en danger la stabilite macroeconomique. Ces fonds, qui devraient pour la plupart etre octroyes avant la fin de cette annee, seront completes par de nouveaux versements en 2010.
<br /><br />
Cet instrument de reponse à la vulnerabilite fonctionne de maniere preventive, c’est­à­dire lorsque les indicateurs laissent entrevoir une baisse des rentrees fiscales, ainsi que sur la base d’autres criteres de mesure de la vulnerabilite, contribuant ainsi à attenuer l’impact de la crise, au lieu d’intervenir une fois que le mal a ete fait. Il octroie à bref delai des subventions ciblees et s’inscrit en complement de l’aide qu’accordent sous la forme de prets la Banque mondiale, le Fonds monetaire international et d’autres banques de developpement regionales qui ont participe à sa conception.
<br /><br />
Le mecanisme V­FLEX fournit une aide à la demande, qui cible les pays tres vulnerables sur les plans economique, social et politique, qui ont elabore des strategies adequates pour lutter contre la crise, presentent des capacites d’absorption suffisantes, ainsi qu’un deficit de financement dans leur budget, lorsque l’aide de l’Union europeenne peut faire la difference en comblant ce deficit, ou du moins en le reduisant de maniere significative.
<br /><br />
Le mecanisme FLEX relatif à la vulnerabilite, de 500 millions d’EUR, s’ajoute à la Facilite alimentaire, dotee pour sa part d’un milliard d’EUR et adoptee le 30 mars 2009, ainsi qu’à la somme de 200 millions d’EUR allouee en 2008 dans le cadre du FED afin d’aider les pays en developpement à faire face à la flambee des prix alimentaires. En creant ces mecanismes cibles, l’UE a ete la premiere à prendre des mesures conformement aux engagements du sommet du G 20 qui s’est tenu à Londres en avril, à savoir œuvrer à une reprise durable et equilibree.
<br /><br />
Radio Vision 2000","UE, impact crise economique",12/16/2009,Jean Michel
72,"L’Union europeenne annonce 230 millions d’euros pour soutenir une dizaine de pays africains et caribeens, don’t Haiti","La commission europeenne a annonce, ce 15 decembre, une aide de 230 millions d’euros pour amortir l’impact de la crise economique dans 13 pays africains et dans les Caraibes.
<br /><br />
Ce financement s’inscrit dans le cadre de l’instrument “Vulnerabilite mecanisme FLEX ” (V-Flex) mis en place par l’Union europeenne dans l’objectif d’amortir l’impact de la crise economique dans les pays beneficiaires, selon un communique de la commission.
<br /><br />
Haiti figure parmi les premiers pays à beneficier de ce mecanisme aux c0tes d’autres nations comme la Zambie, le Ghana, la Republique Centrafricaine, la Guinee-Bissau, entre autres.
<br /><br />
Le Ghana recevra à lui seul 35 millions d’euros. Haiti et la Zambie pourront beneficier chacun 30 millions d’euros. Le Benin et le Malawi recevront respectivement 26.4 et 25 millions.
<br /><br />
Ce montant, poursuit le communique, vient en complement de la Facilite alimentaire de 1 milliard d’euros adoptee en Mars dernier et de l’allocation de 200 millions d’euros pour aider les pays en developpement à faire face aux prix eleves des aliments.
<br /><br />
« Les pays en developpement ont ete durement touches par la crise en raison de leur incapacite à resister aux chocs exterieurs », estime Karel De Gucht, commissaire europeen au developpement et à l’aide humanitaire.
<br /><br />
« Cela a laisse des lacunes de financement dans les budgets de nombreux gouvernements des pays ACP », ajoute le haut fonctionnaire europeen.
<br /><br />
La plupart de ces fonds devraient etre verses avant la fin de l’annee 2009, precise la Commission europeenne tout en informant que des allocations supplementaires suivront en 2010.
<br /><br />
Vulnerabilite mecanisme Flex (V-Flex) est un instrument d’intervention rapide de l’Union Europeenne cree à court terme pour aider, à leur demande les pays ACP les plus vulnerables, à faire face à l’impact de la crise financiere et economique mondiale et à attenuer ses consequences sociales.
<br /><br />
Le 10 decembre dernier, Haiti a paraphe le document des Accords de partenariat economique (APE) liant les pays d’Afrique, Caraibe, Pacifique (ACP) à l’Union europeenne.
<br /><br />
Radio Vision 2000",UE,12/16/2009,Jean Michel
73,Haiti/Economie : La BID veut renforcer le secteur industriel,"Le president de la Banque interamericaine de developpement (BID), Luis Alberto Moreno, a entame vendredi une visite de quatre jours à Port-au-Prince dans l’objectif de contribuer au renforcement du secteur industriel haitien.
<br /><br />
Quelques minutes apres son arrivee à l’Aeroport international Toussaint Louverture, Luis Alberto Moreno s’est rendu à la Societe nationale des parcs industriels (SONAPI) où il a paraphe un accord d’assistance technique avec les responsables de l’Association des industries d’Haiti (ADIH).
<br /><br />
Cet accord de 1 million de dollars devra aider au renforcement des capacites des industries d’assemblages haitiennes concernees par la loi Hope II autorisant l’entree sans droit de douane aux Etats-Unis de vetements fabriques en Haiti.
<br /><br />
Le president de la BID a egalement annonce la creation d’un fonds d’appui au secteur industriel haitien.
<br /><br />
M. Moreno a aussi participe à la pose de la premiere pierre de 7 nouveaux bâtiments au niveau de la SONAPI, sur la route de l’aeroport, pour un montant total de 3.5 millions de dollars.
<br /><br />
La BID promet par ailleurs 2 millions de dollars pour attirer les investisseurs et permettre à des entreprises haitiennes d’acceder au marche international.
<br /><br />
Durant son sejour, le president de la BID doit s’entretenir avec le chef de l’Etat haitien, Rene Preval, ainsi qu’avec des representants du secteur des affaires en Haiti. Luis Alberto Moreno aura egalement à visiter des projets finances par la BID en Haiti.
<br /><br />Radio Vision 2000","BID, secteur industriel",12/21/2009,Jean Bouco
